read_id,virus_position,virus_cigar,event,event_position,event_cigar
ST-E00181:662:HW2TFCCXY:2:1119:29985:45417,29,52S49M,scaffold_2680,2613,48S42M11S
ST-E00181:662:HW2TFCCXY:2:1110:2838:38860,156,47S54M,scaffold_2680,2932,48M53S
ST-E00181:662:HW2TFCCXY:2:2216:5315:6759,205,61M40S,scaffold_487,55982,37M64S
ST-E00181:662:HW2TFCCXY:2:2207:28422:27521,532,68S33M,DF0004301.1,915,71M30S
ST-E00181:662:HW2TFCCXY:2:2211:30137:66320,657,32M69S,scaffold_2680,2258,69M32S
ST-E00181:662:HW2TFCCXY:2:1105:9384:33111,967,41M60S,scaffold_4099,12642,26S34M41S
ST-E00181:662:HW2TFCCXY:2:2211:6563:59200,1143,62S39M,scaffold_487,55989,21S40M40S
ST-E00181:662:HW2TFCCXY:2:2119:20456:3524,1266,38M63S,scaffold_2680,1967,64M37S
ST-E00181:662:HW2TFCCXY:2:2221:5375:9431,1295,70S31M,DF0004301.1,922,7S64M30S
ST-E00181:662:HW2TFCCXY:2:1219:12763:6794,1401,33S68M,scaffold_487,55996,33M68S
ST-E00181:662:HW2TFCCXY:2:2212:11353:58216,1404,60S41M,scaffold_2680,2407,60M41S
ST-E00181:662:HW2TFCCXY:2:1219:4330:23231,1408,64S37M,scaffold_487,55986,24S32M45S
ST-E00181:662:HW2TFCCXY:2:2119:20161:61872,1425,63S38M,DF0004301.1,920,66M35S
ST-E00181:662:HW2TFCCXY:2:2104:27965:61890,1895,69S32M,scaffold_487,55982,21M2I27M51S
ST-E00181:662:HW2TFCCXY:2:2113:11799:7655,1984,53M48S,scaffold_2680,2739,48M53S
ST-E00181:662:HW2TFCCXY:2:2205:31812:47070,2050,38M63S,scaffold_2680,2828,63M38S
ST-E00181:662:HW2TFCCXY:2:2101:23652:6530,2099,70S31M,DF0004301.1,941,26S45M30S
ST-E00181:662:HW2TFCCXY:2:2218:5822:36891,2113,52S49M,DF0003878.1,8176,45S30M26S
ST-E00181:662:HW2TFCCXY:2:1203:12043:27626,2191,55M46S,scaffold_487,55984,4S42M55S
ST-E00181:662:HW2TFCCXY:2:1212:24505:68096,2354,72M29S,scaffold_487,56000,31M70S
ST-E00181:662:HW2TFCCXY:2:2109:30411:44187,2420,59M42S,scaffold_2680,1960,43M58S
ST-E00181:662:HW2TFCCXY:2:2211:5903:10486,2434,68M33S,scaffold_2680,1994,33M68S
ST-E00181:662:HW2TFCCXY:2:1205:2493:10908,2603,39M62S,scaffold_2680,2931,49M52S
ST-E00181:662:HW2TFCCXY:2:1205:18264:25534,3052,56S23M1I21M,DF0004301.1,929,57M44S
ST-E00181:662:HW2TFCCXY:2:1108:26210:51078,3058,39M62S,DF0004301.1,923,63M38S
ST-E00181:662:HW2TFCCXY:2:1118:12936:33990,3078,70M31S,scaffold_487,55982,32M69S
ST-E00181:662:HW2TFCCXY:2:1202:5913:50797,3559,54S47M,scaffold_2680,2713,54M47S
ST-E00181:662:HW2TFCCXY:2:2205:22597:21438,3562,19M82S,scaffold_2680,2902,6S79M16S
ST-E00181:662:HW2TFCCXY:2:2117:15321:56721,3884,50S51M,scaffold_4099,12643,17S34M50S
ST-E00181:662:HW2TFCCXY:2:2222:13880:61960,3927,63S38M,DF0004301.1,922,66M35S
ST-E00181:662:HW2TFCCXY:2:2108:10196:72701,4052,47S54M,scaffold_487,55981,43M58S
ST-E00181:662:HW2TFCCXY:2:1201:6157:9695,4103,35S66M,scaffold_18442,4285,36M65S
ST-E00181:662:HW2TFCCXY:2:1202:7770:73387,4258,81S20M,DF0004301.1,928,58M43S
ST-E00181:662:HW2TFCCXY:2:1203:26392:19047,4262,50M51S,DF0004301.1,934,52M49S
ST-E00181:662:HW2TFCCXY:2:1219:15422:12244,4425,29M72S,scaffold_2680,2907,73M28S
ST-E00181:662:HW2TFCCXY:2:1106:12814:59165,4484,54S47M,DF0004301.1,926,62M39S
ST-E00181:662:HW2TFCCXY:2:2224:11211:72455,4491,59M42S,DF0004301.1,943,43M58S
ST-E00181:662:HW2TFCCXY:2:2204:28392:40970,4504,59M42S,scaffold_372,32146,10S37M54S
ST-E00181:662:HW2TFCCXY:2:1215:29904:62892,4586,46S55M,scaffold_340,124692,3S52M46S
ST-E00181:662:HW2TFCCXY:2:2117:31680:18995,4634,67S34M,scaffold_2680,1133,32S57M12S
ST-E00181:662:HW2TFCCXY:2:1201:31467:8148,4706,57S44M,scaffold_2680,2022,57M44S
ST-E00181:662:HW2TFCCXY:2:1203:28645:12929,4920,57M44S,scaffold_2680,2910,45M56S
ST-E00181:662:HW2TFCCXY:2:2201:25347:8763,5072,55S46M,scaffold_2680,2730,57M44S
ST-E00181:662:HW2TFCCXY:2:1107:16549:55930,5076,58M43S,scaffold_2680,2752,43M58S
ST-E00181:662:HW2TFCCXY:2:2204:11312:70662,5180,80S21M,scaffold_2680,2903,77M24S
ST-E00181:662:HW2TFCCXY:2:2203:31609:48828,5213,26M75S,scaffold_2680,1871,76M25S
ST-E00181:662:HW2TFCCXY:2:1216:25956:61046,5239,60M41S,scaffold_2680,1958,41M60S
ST-E00181:662:HW2TFCCXY:2:1203:29833:51201,5387,29M72S,DF0004301.1,430,11S61M29S
ST-E00181:662:HW2TFCCXY:2:2107:3204:26167,5399,44M57S,scaffold_2680,2922,58M43S
ST-E00181:662:HW2TFCCXY:2:2212:22810:48705,5467,6S48M47S,scaffold_340,124707,53S48M
ST-E00181:662:HW2TFCCXY:2:1124:6735:43255,5566,53M48S,DF0004301.1,937,49M52S
ST-E00181:662:HW2TFCCXY:2:2216:23825:60694,5575,53M48S,superscaffold_1077,6632,69S32M
ST-E00181:662:HW2TFCCXY:2:1104:3204:13896,5914,61S40M,scaffold_2680,2208,61M40S
ST-E00181:662:HW2TFCCXY:2:2102:6837:29156,5970,62S39M,scaffold_2680,2294,39S37M25S
ST-E00181:662:HW2TFCCXY:2:1102:20029:33656,6017,76S25M,scaffold_2680,2314,77M24S
ST-E00181:662:HW2TFCCXY:2:2216:15321:63507,6111,66M35S,scaffold_4099,12647,65S31M5S
ST-E00181:662:HW2TFCCXY:2:2221:10328:52291,6114,82S19M,scaffold_2680,2897,84M17S
ST-E00181:662:HW2TFCCXY:2:1203:6918:5317,6119,65M36S,scaffold_2680,2943,38M63S
ST-E00181:662:HW2TFCCXY:2:2105:5345:2417,6157,81S20M,scaffold_2680,2907,20S73M8S
ST-E00181:662:HW2TFCCXY:2:2224:3397:17254,6263,29S72M,scaffold_18442,4291,30M71S
ST-E00181:662:HW2TFCCXY:2:1202:30066:5018,6292,43S58M,scaffold_2680,2672,43M58S
ST-E00181:662:HW2TFCCXY:2:1107:18771:19346,6474,70S31M,DF0004301.1,941,30S45M26S
ST-E00181:662:HW2TFCCXY:2:1107:6116:53645,6641,45M56S,scaffold_487,55987,36M65S
ST-E00181:662:HW2TFCCXY:2:1221:27499:44521,6747,48S53M,scaffold_2680,2942,8S39M54S
ST-E00181:662:HW2TFCCXY:2:1104:32045:17026,6879,20M81S,scaffold_2680,1627,81M20S
ST-E00181:662:HW2TFCCXY:2:2202:17310:53873,6916,41M60S,scaffold_2680,2919,61M40S
ST-E00181:662:HW2TFCCXY:2:2208:9171:32109,7058,50S51M,DF0006837.1,3060,50M51S
ST-E00181:662:HW2TFCCXY:2:2203:27336:11013,7096,42S59M,scaffold_18442,4282,40M61S
ST-E00181:662:HW2TFCCXY:2:2113:17300:45558,7211,30M71S,DF0004301.1,913,79M22S
ST-E00181:662:HW2TFCCXY:2:2214:8745:3524,7257,63M38S,scaffold_2680,2823,61S40M
ST-E00181:662:HW2TFCCXY:2:2108:24068:47123,7431,25M76S,scaffold_2680,2088,79M22S
ST-E00181:662:HW2TFCCXY:2:1104:5954:27064,7529,37S64M,DF0004290.1,439,62S39M
ST-E00181:662:HW2TFCCXY:2:2101:11353:20348,7610,27M74S,scaffold_2680,2324,27S71M3S
ST-E00181:662:HW2TFCCXY:2:1215:26403:71594,7630,4S47M50S,scaffold_2680,2397,50M51S
ST-E00181:662:HW2TFCCXY:2:2107:14631:6689,7883,41S60M,DF0004290.1,439,58S43M
ST-E00181:662:HW2TFCCXY:2:2224:29924:20805,8075,67M34S,scaffold_487,55994,37M64S
ST-E00181:662:HW2TFCCXY:2:2214:26545:17131,8126,53S48M,scaffold_2680,1757,54M47S
ST-E00181:662:HW2TFCCXY:2:1102:3742:47632,8219,57S44M,scaffold_2680,1721,58M43S
ST-E00181:662:HW2TFCCXY:2:2224:7770:10591,8266,46M55S,scaffold_2680,1792,55M46S
ST-E00181:662:HW2TFCCXY:2:1103:11373:14476,8412,69S32M,DF0004301.1,924,62M39S
ST-E00181:662:HW2TFCCXY:2:1207:10206:48072,8519,49M52S,scaffold_487,55984,5S45M51S
ST-E00181:662:HW2TFCCXY:2:1119:29477:16973,8663,34S67M,scaffold_18442,4286,36M65S
ST-E00181:662:HW2TFCCXY:2:2209:10713:73387,8956,44S57M,scaffold_2680,2878,41M60S
ST-E00181:662:HW2TFCCXY:2:2214:29396:66584,8981,81S20M,scaffold_2680,2897,83M18S
ST-E00181:662:HW2TFCCXY:2:1102:28716:25921,9244,58S43M,scaffold_2680,2921,60M41S
ST-E00181:662:HW2TFCCXY:2:1204:18416:11066,9255,19M82S,DF0004301.1,549,84M17S
ST-E00181:662:HW2TFCCXY:2:2105:29051:3401,9302,28M73S,scaffold_28046,35,24S77M
ST-E00181:662:HW2TFCCXY:2:2105:28980:4122,9302,28M73S,scaffold_28046,35,24S77M
ST-E00181:662:HW2TFCCXY:2:1106:4137:46384,9931,32M69S,scaffold_487,55989,40M61S
ST-E00181:662:HW2TFCCXY:2:2202:31071:13931,10250,24M77S,scaffold_2680,1859,77M24S
ST-E00181:662:HW2TFCCXY:2:2111:11586:57424,10577,80S21M,scaffold_2680,1132,13S67M21S
ST-E00181:662:HW2TFCCXY:2:1103:1834:39721,10626,29M72S,scaffold_487,55984,28S44M29S
ST-E00181:662:HW2TFCCXY:2:2201:31000:55614,10952,45M56S,scaffold_487,55984,17S39M45S
ST-E00181:662:HW2TFCCXY:2:1205:5944:65933,11072,34S67M,scaffold_2680,2525,34M67S
ST-E00181:662:HW2TFCCXY:2:1124:12449:69537,11248,32S69M,DF0003080.1,323,5S32M64S
ST-E00181:662:HW2TFCCXY:2:2106:16640:33832,11369,79S22M,scaffold_487,55984,23S40M38S
ST-E00181:662:HW2TFCCXY:2:2112:19837:54489,11371,56M45S,DF0004301.1,939,47M54S
ST-E00181:662:HW2TFCCXY:2:2105:11251:16199,11529,56M45S,scaffold_2680,2933,48M53S
ST-E00181:662:HW2TFCCXY:2:2120:24485:5862,11734,63M38S,scaffold_2680,1668,39M62S
ST-E00181:662:HW2TFCCXY:2:2202:28798:14494,11734,26S75M,DF0004301.1,919,67M34S
ST-E00181:662:HW2TFCCXY:2:1118:21592:63366,11978,35M66S,DF0004301.1,931,55M46S
ST-E00181:662:HW2TFCCXY:2:1205:3934:25710,12158,45M56S,scaffold_2680,2238,10S41M50S
ST-E00181:662:HW2TFCCXY:2:1208:13727:55508,12212,55S46M,scaffold_2680,2272,5S59M37S
ST-E00181:662:HW2TFCCXY:2:2212:11850:27538,12242,64S37M,scaffold_2680,2294,65M36S
ST-E00181:662:HW2TFCCXY:2:1215:27417:64562,12273,24M77S,scaffold_18442,4280,42M59S
ST-E00181:662:HW2TFCCXY:2:2106:8460:38825,12374,40S61M,scaffold_18442,4278,43M58S
ST-E00181:662:HW2TFCCXY:2:1202:15848:63894,12395,42S59M,DF0004301.1,952,30S38M33S
ST-E00181:662:HW2TFCCXY:2:2208:15869:48072,12568,38M63S,scaffold_413,103696,18S39M44S
ST-E00181:662:HW2TFCCXY:2:1108:10084:21280,12870,80S21M,scaffold_2680,2920,60M41S
ST-E00181:662:HW2TFCCXY:2:1217:19938:30967,12940,57S44M,DF0004301.1,551,82M19S
ST-E00181:662:HW2TFCCXY:2:2105:21430:33902,13042,80S21M,scaffold_2680,2915,66M35S
ST-E00181:662:HW2TFCCXY:2:1206:6461:11277,13243,63S38M,scaffold_2680,2925,10S56M35S
ST-E00181:662:HW2TFCCXY:2:1107:25946:25165,13270,63S38M,scaffold_2680,2899,72M29S
ST-E00181:662:HW2TFCCXY:2:1120:27630:36803,13490,70S31M,scaffold_2680,1132,56S45M
ST-E00181:662:HW2TFCCXY:2:2109:4401:64667,13504,59M42S,DF0004290.1,436,64S37M
ST-E00181:662:HW2TFCCXY:2:1117:19289:33568,13525,56M45S,scaffold_2680,1642,69M32S
ST-E00181:662:HW2TFCCXY:2:2108:18670:9290,13856,68S33M,scaffold_487,55984,12S34M55S
ST-E00181:662:HW2TFCCXY:2:1211:30979:40143,13863,51S50M,DF0004301.1,577,82M19S
ST-E00181:662:HW2TFCCXY:2:1102:24170:69273,13864,19M82S,scaffold_2680,2916,66M35S
ST-E00181:662:HW2TFCCXY:2:2114:24038:72491,13884,38M63S,scaffold_2680,2940,40M61S
ST-E00181:662:HW2TFCCXY:2:2223:31304:3823,13961,62M39S,DF0004301.1,906,81M20S
ST-E00181:662:HW2TFCCXY:2:2201:30431:70381,14061,23M78S,scaffold_2680,2267,72M29S
ST-E00181:662:HW2TFCCXY:2:1222:17371:39001,14095,29M72S,DF0004301.1,928,58M43S
ST-E00181:662:HW2TFCCXY:2:1220:19684:33551,14163,45M56S,scaffold_2680,1632,22S79M
ST-E00181:662:HW2TFCCXY:2:1209:15747:41778,14434,79S22M,scaffold_2680,2115,56M45S
ST-E00181:662:HW2TFCCXY:2:1204:32715:63156,14576,45M56S,scaffold_2680,1646,61M40S
ST-E00181:662:HW2TFCCXY:2:2114:10145:48705,14697,40M61S,scaffold_2680,1909,34M67S
ST-E00181:662:HW2TFCCXY:2:2122:19999:25833,14878,37S64M,scaffold_487,55983,46M55S
ST-E00181:662:HW2TFCCXY:2:1206:23510:70311,15014,46S55M,scaffold_2680,2937,30S43M28S
ST-E00181:662:HW2TFCCXY:2:1203:31345:5686,15198,30M71S,scaffold_2680,2928,54M47S
ST-E00181:662:HW2TFCCXY:2:2218:26880:33744,15215,50M51S,scaffold_2680,2379,72M29S
ST-E00181:662:HW2TFCCXY:2:1224:31994:45558,15322,27M74S,DF0004301.1,926,60M41S
ST-E00181:662:HW2TFCCXY:2:2222:24972:69256,15353,42M59S,DF0004301.1,927,59M42S
ST-E00181:662:HW2TFCCXY:2:1202:29193:37190,15426,10M2D24M67S,scaffold_2680,2912,68M33S
ST-E00181:662:HW2TFCCXY:2:2206:30299:21104,15490,66S35M,scaffold_2680,2538,65M36S
ST-E00181:662:HW2TFCCXY:2:2102:12763:69168,15521,64S37M,DF0004301.1,680,39M62S
ST-E00181:662:HW2TFCCXY:2:1202:30289:45031,15558,38S63M,scaffold_2680,2940,61S40M
ST-E00181:662:HW2TFCCXY:2:2211:9049:27890,15639,40S61M,scaffold_2680,1132,5S61M35S
ST-E00181:662:HW2TFCCXY:2:1203:26240:44802,15746,37M64S,scaffold_2680,1679,60M41S
ST-E00181:662:HW2TFCCXY:2:2120:21024:65687,15810,59S42M,DF0004290.1,436,59S42M
ST-E00181:662:HW2TFCCXY:2:1101:21389:44837,15957,50M51S,scaffold_2680,2917,63M38S
ST-E00181:662:HW2TFCCXY:2:1114:25966:15813,16402,61S40M,DF0004301.1,957,8S31M62S
ST-E00181:662:HW2TFCCXY:2:2123:27417:65511,16603,65M36S,scaffold_2680,2950,26S30M45S
ST-E00181:662:HW2TFCCXY:2:2114:1915:58216,16603,46M55S,scaffold_4099,12643,69S32M
ST-E00181:662:HW2TFCCXY:2:2208:10937:29472,16773,40S29M32S,scaffold_18442,4282,40M61S
ST-E00181:662:HW2TFCCXY:2:1207:7202:27257,16856,38S63M,scaffold_4099,12643,39S30M32S
ST-E00181:662:HW2TFCCXY:2:1116:2696:66601,16857,60S41M,scaffold_2680,1799,59M42S
ST-E00181:662:HW2TFCCXY:2:1204:11688:43958,16923,42M59S,scaffold_2680,2941,10S39M52S
ST-E00181:662:HW2TFCCXY:2:1101:13342:50621,17060,53M48S,scaffold_2680,2944,36M65S
ST-E00181:662:HW2TFCCXY:2:1116:20994:8112,17181,34S67M,scaffold_2680,1609,82M19S
ST-E00181:662:HW2TFCCXY:2:1117:10876:31230,17587,20M81S,scaffold_2680,2917,63M38S
ST-E00181:662:HW2TFCCXY:2:2110:13281:25693,17625,39M62S,scaffold_18442,4273,65S30M6S
ST-E00181:662:HW2TFCCXY:2:1101:13382:50480,18331,30S71M,DF0004290.1,439,63S38M
ST-E00181:662:HW2TFCCXY:2:2224:10521:67849,18389,36S65M,scaffold_487,55984,45M56S
ST-E00181:662:HW2TFCCXY:2:2224:10521:67849,18608,77S24M,scaffold_487,55984,32H41M28H
ST-E00181:662:HW2TFCCXY:2:2123:21359:3647,18709,55M46S,superscaffold_260,285796,49S52M
ST-E00181:662:HW2TFCCXY:2:2123:21602:3647,18709,55M46S,superscaffold_260,285796,49S52M
ST-E00181:662:HW2TFCCXY:2:2123:21065:5212,18709,55M46S,superscaffold_260,285796,49S52M
ST-E00181:662:HW2TFCCXY:2:2113:5436:13756,18722,57S41M3S,scaffold_487,55984,21S37M43S
ST-E00181:662:HW2TFCCXY:2:1103:32705:27134,18929,34M67S,scaffold_2680,2412,67M34S
ST-E00181:662:HW2TFCCXY:2:1122:5589:5581,18987,37M64S,scaffold_2680,2915,67M34S
ST-E00181:662:HW2TFCCXY:2:1110:2646:8886,19006,58M43S,scaffold_2680,2936,44M57S
ST-E00181:662:HW2TFCCXY:2:2203:17462:9062,19265,39M62S,scaffold_21370,3369,16S46M39S
ST-E00181:662:HW2TFCCXY:2:2202:4533:70662,19294,47M54S,scaffold_2680,2853,54M47S
ST-E00181:662:HW2TFCCXY:2:2106:10653:19698,19306,71S30M,scaffold_2680,2843,71M30S
ST-E00181:662:HW2TFCCXY:2:1104:15219:70645,19410,58S43M,scaffold_2680,2049,58M43S
ST-E00181:662:HW2TFCCXY:2:1207:12550:50691,19440,41S60M,superscaffold_1077,6632,68S33M
ST-E00181:662:HW2TFCCXY:2:1108:9871:55684,19471,46S51M4S,DF0005777.1,10,50M51S
ST-E00181:662:HW2TFCCXY:2:2122:8653:61872,19829,53M48S,scaffold_810,54346,53S48M
ST-E00181:662:HW2TFCCXY:2:1210:32045:66847,19932,79S22M,scaffold_2680,2900,81M20S
ST-E00181:662:HW2TFCCXY:2:2217:18700:57442,20402,64S37M,DF0004301.1,920,66M35S
ST-E00181:662:HW2TFCCXY:2:1115:2757:40970,20489,65M36S,DF0004301.1,641,36M65S
ST-E00181:662:HW2TFCCXY:2:2220:31426:49144,20675,56M45S,scaffold_2680,2428,47M54S
ST-E00181:662:HW2TFCCXY:2:1212:31761:7954,21071,61M40S,scaffold_2680,1821,34M67S
ST-E00181:662:HW2TFCCXY:2:2121:25824:19188,21242,41M60S,DF0004290.1,439,31S30M40S
ST-E00181:662:HW2TFCCXY:2:1114:4523:11541,21251,24M77S,superscaffold_829,63788,78M23S
ST-E00181:662:HW2TFCCXY:2:1111:22171:65494,21323,60M41S,scaffold_2680,2938,42M59S
ST-E00181:662:HW2TFCCXY:2:1202:31121:26607,21333,45M56S,scaffold_18442,4275,7S46M48S
ST-E00181:662:HW2TFCCXY:2:1115:17279:62892,21505,48M53S,scaffold_18442,4281,48S40M13S
ST-E00181:662:HW2TFCCXY:2:1115:14133:6319,21970,29M72S,scaffold_487,55984,23S45M33S
ST-E00181:662:HW2TFCCXY:2:2213:6725:41479,21981,77S24M,scaffold_2680,2901,79M22S
ST-E00181:662:HW2TFCCXY:2:1206:18609:66003,22148,68S33M,DF0004301.1,917,69M32S
ST-E00181:662:HW2TFCCXY:2:2210:29295:34975,22175,48S53M,scaffold_2680,2327,48M53S
ST-E00181:662:HW2TFCCXY:2:1208:25307:13439,22336,37M64S,scaffold_2680,2915,65M36S
ST-E00181:662:HW2TFCCXY:2:1211:5487:24462,22403,41M60S,scaffold_18442,4275,8S33M60S
ST-E00181:662:HW2TFCCXY:2:2111:3995:39387,22483,42S59M,scaffold_5496,9051,69S32M
ST-E00181:662:HW2TFCCXY:2:1212:22303:26202,22663,52M49S,DF0004301.1,935,53M48S
ST-E00181:662:HW2TFCCXY:2:2104:23622:36715,22743,69S32M,DF0004301.1,429,18S51M32S
ST-E00181:662:HW2TFCCXY:2:1101:18264:25218,22903,25M76S,DF0004301.1,907,79M22S
ST-E00181:662:HW2TFCCXY:2:2110:23591:28294,22923,73S28M,scaffold_2680,1132,9S64M28S
ST-E00181:662:HW2TFCCXY:2:2215:27570:54559,22925,50S51M,scaffold_2680,2268,48M53S
ST-E00181:662:HW2TFCCXY:2:1104:30746:27714,22927,28S73M,DF0004290.1,438,70S31M
ST-E00181:662:HW2TFCCXY:2:2115:21958:63472,23007,61S40M,DF0004301.1,923,63M38S
ST-E00181:662:HW2TFCCXY:2:1207:30502:3735,23024,31S70M,scaffold_2680,2947,33M68S
ST-E00181:662:HW2TFCCXY:2:1109:6502:23161,23080,20M81S,scaffold_2680,1608,83M18S
ST-E00181:662:HW2TFCCXY:2:1116:4594:19504,23228,55S46M,scaffold_2680,2924,57M44S
ST-E00181:662:HW2TFCCXY:2:1121:28513:14951,23575,26M75S,scaffold_2680,2500,75M26S
ST-E00181:662:HW2TFCCXY:2:2113:29751:45435,23588,31S70M,DF0004290.1,439,67S34M
ST-E00181:662:HW2TFCCXY:2:1211:19857:47527,23716,47M54S,superscaffold_94,222140,59M42S
ST-E00181:662:HW2TFCCXY:2:1211:20628:54805,23716,47M54S,superscaffold_94,222140,59M42S
ST-E00181:662:HW2TFCCXY:2:2217:10541:66795,23930,69S32M,scaffold_2680,2898,69M32S
ST-E00181:662:HW2TFCCXY:2:1103:4300:18151,24109,60S41M,scaffold_2680,2946,39S34M28S
ST-E00181:662:HW2TFCCXY:2:1215:9638:26027,24273,62S39M,DF0004301.1,922,64M37S
ST-E00181:662:HW2TFCCXY:2:2223:19147:4386,24294,81S20M,scaffold_2680,2897,83M18S
ST-E00181:662:HW2TFCCXY:2:1218:13321:59833,24787,30M71S,scaffold_2680,1132,27S48M26S
ST-E00181:662:HW2TFCCXY:2:2202:32309:32285,24860,40M61S,scaffold_2680,2918,63M38S
ST-E00181:662:HW2TFCCXY:2:1108:29163:45400,24949,25M76S,scaffold_2680,2903,78M23S
ST-E00181:662:HW2TFCCXY:2:1211:1773:48898,24986,32S69M,DF0004290.1,438,66S35M
ST-E00181:662:HW2TFCCXY:2:1212:1692:54840,25055,34S67M,scaffold_487,55983,35M66S
ST-E00181:662:HW2TFCCXY:2:1102:15199:14810,25070,38M63S,DF0004301.1,922,64M37S
ST-E00181:662:HW2TFCCXY:2:1106:22110:29595,25390,27M74S,scaffold_2680,2904,77M24S
ST-E00181:662:HW2TFCCXY:2:2123:9516:66461,25421,38M63S,DF0004290.1,449,31S36M34S
ST-E00181:662:HW2TFCCXY:2:1203:3204:20542,25429,54M47S,DF0004301.1,937,51M50S
ST-E00181:662:HW2TFCCXY:2:1112:3295:1959,25709,75S26M,DF0004301.1,910,76M25S
ST-E00181:662:HW2TFCCXY:2:2123:13555:54787,25742,70S31M,scaffold_2680,2613,70M31S
ST-E00181:662:HW2TFCCXY:2:1119:27478:35625,25744,35S66M,scaffold_33329,1971,6S30M65S
ST-E00181:662:HW2TFCCXY:2:2204:14387:65933,25765,60M41S,DF0004301.1,730,39M62S
ST-E00181:662:HW2TFCCXY:2:1212:11099:25816,25900,64S37M,DF0004301.1,920,66M35S
ST-E00181:662:HW2TFCCXY:2:1203:24931:70346,25933,23M78S,scaffold_2680,2939,38S43M20S
ST-E00181:662:HW2TFCCXY:2:2105:25712:33094,26014,81S20M,scaffold_2680,2901,79M22S
ST-E00181:662:HW2TFCCXY:2:2211:19969:52608,26049,56S45M,scaffold_2680,2923,57M44S
ST-E00181:662:HW2TFCCXY:2:1122:11129:57723,26175,45S56M,scaffold_13122,7260,49M52S
ST-E00181:662:HW2TFCCXY:2:1204:29944:56528,26248,57M44S,scaffold_2680,1939,44M57S
ST-E00181:662:HW2TFCCXY:2:1122:19898:66408,26362,50M51S,scaffold_2680,1984,51M50S
ST-E00181:662:HW2TFCCXY:2:2210:22353:43237,26436,62S39M,superscaffold_524,33656,36S30M35S
ST-E00181:662:HW2TFCCXY:2:1210:25317:48582,26539,75S26M,scaffold_2680,2124,75M26S
ST-E00181:662:HW2TFCCXY:2:2107:19157:19909,26989,40M61S,scaffold_2680,2924,6S57M38S
ST-E00181:662:HW2TFCCXY:2:2123:2798:39915,27169,46S55M,scaffold_2680,2932,48M53S
ST-E00181:662:HW2TFCCXY:2:2215:31253:27257,27242,64M37S,DF0004290.1,439,62S39M
ST-E00181:662:HW2TFCCXY:2:2117:24606:33850,27430,61S40M,scaffold_2680,2595,64M37S
ST-E00181:662:HW2TFCCXY:2:1116:21156:63032,27464,51S50M,scaffold_487,55987,9S37M55S
ST-E00181:662:HW2TFCCXY:2:2121:3092:39897,27561,72S29M,DF0004301.1,936,29S50M22S
ST-E00181:662:HW2TFCCXY:2:1105:5193:43466,27581,62M39S,DF0004301.1,946,40M61S
ST-E00181:662:HW2TFCCXY:2:1201:12804:44943,27621,57M44S,DF0004301.1,940,46M55S
ST-E00181:662:HW2TFCCXY:2:1101:7243:62241,27845,50S51M,scaffold_2680,2381,50M51S
ST-E00181:662:HW2TFCCXY:2:2114:6857:2223,28128,68S33M,DF0004290.1,439,41S32M28S
ST-E00181:662:HW2TFCCXY:2:1218:12916:29666,28149,37S64M,scaffold_4099,12642,67S34M
ST-E00181:662:HW2TFCCXY:2:1114:5558:52080,28452,34M67S,scaffold_2680,2506,69M32S
ST-E00181:662:HW2TFCCXY:2:1206:25022:61116,28463,46M55S,scaffold_2680,2536,55M46S
ST-E00181:662:HW2TFCCXY:2:1102:19786:31617,28568,82S19M,scaffold_2680,1269,82M19S
ST-E00181:662:HW2TFCCXY:2:2214:3234:27064,28574,65M36S,scaffold_21370,3379,36M65S
ST-E00181:662:HW2TFCCXY:2:1201:8998:4280,28629,19M82S,DF0004290.1,408,26S22M6D45M8S
ST-E00181:662:HW2TFCCXY:2:2110:23317:70680,28692,56S45M,scaffold_2680,2787,56M45S
ST-E00181:662:HW2TFCCXY:2:1222:32674:72121,28696,46S55M,superscaffold_1180,289316,15S35M51S
ST-E00181:662:HW2TFCCXY:2:1207:14803:55262,28825,46M55S,scaffold_2680,2924,56M45S
ST-E00181:662:HW2TFCCXY:2:2103:4848:7532,28935,69S32M,scaffold_2680,2483,32S59M10S
ST-E00181:662:HW2TFCCXY:2:2122:11292:51922,28968,68M33S,scaffold_18442,4286,35M66S
ST-E00181:662:HW2TFCCXY:2:2209:24890:12894,29121,48S39M14S,scaffold_2680,1815,48M53S
ST-E00181:662:HW2TFCCXY:2:2104:18923:58005,29467,27M74S,scaffold_2680,2907,73M28S
ST-E00181:662:HW2TFCCXY:2:2219:23906:1907,29573,41S60M,scaffold_18442,4284,38M63S
ST-E00181:662:HW2TFCCXY:2:1212:20192:68078,29640,79S22M,DF0004301.1,905,81M20S
ST-E00181:662:HW2TFCCXY:2:2105:23175:54436,29662,20M81S,scaffold_44065,1153,21S42M1D38M
ST-E00181:662:HW2TFCCXY:2:1120:7030:49390,29678,53S48M,scaffold_21370,3369,7S47M47S
ST-E00181:662:HW2TFCCXY:2:2221:3671:66144,29777,41M60S,DF0004301.1,924,62M39S
ST-E00181:662:HW2TFCCXY:2:1106:8379:46912,29794,70S31M,scaffold_2680,2936,27S44M30S
ST-E00181:662:HW2TFCCXY:2:1105:15473:58567,29795,27M74S,DF0004301.1,910,76M25S
ST-E00181:662:HW2TFCCXY:2:2202:24789:32935,29976,70S31M,scaffold_2680,2908,72M29S
ST-E00181:662:HW2TFCCXY:2:1205:12418:4720,30144,64S37M,scaffold_18442,4286,11S36M54S
ST-E00181:662:HW2TFCCXY:2:1103:2889:65248,30288,58M43S,scaffold_2680,2071,57S40M4S
ST-E00181:662:HW2TFCCXY:2:2214:14651:33480,30450,68S33M,scaffold_2680,2911,69M32S
ST-E00181:662:HW2TFCCXY:2:1120:10247:58339,30609,49S52M,DF0004301.1,936,50M51S
ST-E00181:662:HW2TFCCXY:2:1103:2777:5141,30746,77S24M,scaffold_2680,2900,81M20S
ST-E00181:662:HW2TFCCXY:2:2206:7060:68570,30849,38M63S,superscaffold_552,64864,63S38M
ST-E00181:662:HW2TFCCXY:2:2220:12104:61169,31056,79S22M,scaffold_2680,2093,77M24S
ST-E00181:662:HW2TFCCXY:2:1204:32309:18959,31069,54M47S,scaffold_2680,2932,49M52S
ST-E00181:662:HW2TFCCXY:2:2112:11901:2276,31180,42S59M,scaffold_4099,12646,58S32M11S
ST-E00181:662:HW2TFCCXY:2:1213:10358:70029,31242,45M56S,scaffold_2680,2923,58M43S
ST-E00181:662:HW2TFCCXY:2:2113:21785:36276,31262,48S53M,scaffold_2680,2931,51M50S
ST-E00181:662:HW2TFCCXY:2:1213:23764:69801,31309,29M72S,scaffold_2680,2315,72M29S
ST-E00181:662:HW2TFCCXY:2:1222:11870:46455,31328,56M45S,scaffold_2680,2449,46M55S
ST-E00181:662:HW2TFCCXY:2:1214:22049:54629,31383,46S55M,DF0004301.1,939,47M54S
ST-E00181:662:HW2TFCCXY:2:1105:30624:9888,31557,46M55S,scaffold_2680,2752,55M46S
ST-E00181:662:HW2TFCCXY:2:2214:32045:14142,31583,52S49M,scaffold_487,56000,23S31M47S
ST-E00181:662:HW2TFCCXY:2:1224:15422:32109,31600,50M51S,scaffold_21370,3369,5S47M49S
ST-E00181:662:HW2TFCCXY:2:2113:2311:38614,31600,63S38M,scaffold_2680,2809,63M38S
ST-E00181:662:HW2TFCCXY:2:1203:19705:64140,31792,63S38M,DF0004301.1,922,64M37S
ST-E00181:662:HW2TFCCXY:2:2223:23520:49056,31892,23M78S,scaffold_2772,34148,47S33M21S
ST-E00181:662:HW2TFCCXY:2:1219:32329:72684,32109,57S44M,scaffold_2680,2922,58M43S
ST-E00181:662:HW2TFCCXY:2:1214:6532:20331,32203,63S38M,scaffold_487,55993,40S37M24S
ST-E00181:662:HW2TFCCXY:2:1101:21572:15725,32268,55M46S,DF0004301.1,941,45M56S
ST-E00181:662:HW2TFCCXY:2:2208:28879:21245,32329,27M74S,scaffold_2680,2904,76M25S
ST-E00181:662:HW2TFCCXY:2:1202:32471:23143,32540,71S30M,DF0004301.1,430,14S57M30S
ST-E00181:662:HW2TFCCXY:2:1205:4624:35344,32568,43S58M,scaffold_2680,2936,44M57S
ST-E00181:662:HW2TFCCXY:2:2203:5538:4931,32649,25M76S,scaffold_2680,1906,76M25S
ST-E00181:662:HW2TFCCXY:2:2210:13159:58427,32743,43S58M,DF0004301.1,941,45M56S
ST-E00181:662:HW2TFCCXY:2:2215:31233:27257,33349,35S66M,DF0004290.1,439,62S39M
ST-E00181:662:HW2TFCCXY:2:1218:16386:60747,33420,66M35S,scaffold_18442,4285,37M64S
ST-E00181:662:HW2TFCCXY:2:2212:18741:6425,33489,54M47S,scaffold_487,55987,5S43M53S
ST-E00181:662:HW2TFCCXY:2:2119:19309:37823,33649,49S52M,scaffold_2680,2928,52M49S
ST-E00181:662:HW2TFCCXY:2:1218:29954:32250,33675,69M32S,DF0004290.1,439,65S36M
ST-E00181:662:HW2TFCCXY:2:2201:11606:35449,33726,59M42S,scaffold_2680,2819,40M61S
ST-E00181:662:HW2TFCCXY:2:2213:10419:29490,33766,49M52S,scaffold_2680,2924,59M42S
ST-E00181:662:HW2TFCCXY:2:2107:4949:6829,33787,27S74M,DF0004301.1,958,30M71S
ST-E00181:662:HW2TFCCXY:2:2110:8856:23935,33789,81S20M,DF0004301.1,903,83M18S
ST-E00181:662:HW2TFCCXY:2:1104:27722:65160,33940,33M68S,DF0004301.1,947,30S39M32S
ST-E00181:662:HW2TFCCXY:2:1207:15990:56545,33940,51S50M,scaffold_487,55984,5S45M51S
ST-E00181:662:HW2TFCCXY:2:1210:5751:57829,33956,29S72M,scaffold_2680,2950,31M70S
ST-E00181:662:HW2TFCCXY:2:1118:31030:10697,33963,30M71S,DF0004301.1,430,28S58M15S
ST-E00181:662:HW2TFCCXY:2:1102:5822:66672,33987,48S53M,DF0004301.1,937,49M52S
ST-E00181:662:HW2TFCCXY:2:2207:32167:56581,34090,23M78S,scaffold_2680,2901,80M21S
ST-E00181:662:HW2TFCCXY:2:2104:28331:65863,34126,29M72S,scaffold_2680,1806,73M28S
ST-E00181:662:HW2TFCCXY:2:1109:7872:49408,34269,44M57S,scaffold_2680,2921,59M42S
ST-E00181:662:HW2TFCCXY:2:2107:17563:47210,34579,76S25M,scaffold_2680,2499,72M29S
ST-E00181:662:HW2TFCCXY:2:1103:26260:29753,34706,73S28M,DF0002719.1,982,43S58M
ST-E00181:662:HW2TFCCXY:2:1224:24160:29560,34985,71S30M,DF0004290.1,405,32S13M2D11M5D45M
ST-E00181:662:HW2TFCCXY:2:2214:28605:61626,35046,66S35M,scaffold_2680,2912,68M33S
ST-E00181:662:HW2TFCCXY:2:1217:4513:72350,35050,35M66S,scaffold_2680,2915,65M1I8M27S
ST-E00181:662:HW2TFCCXY:2:2213:18416:71154,35212,42S59M,scaffold_2680,2935,45M56S
ST-E00181:662:HW2TFCCXY:2:1208:3650:3559,35226,62S39M,scaffold_2680,2916,64M37S
ST-E00181:662:HW2TFCCXY:2:2203:4523:57213,35729,49M52S,scaffold_487,55984,14S38M49S
ST-E00181:662:HW2TFCCXY:2:1107:9800:49513,35741,27M74S,DF0004301.1,913,73M28S
ST-E00181:662:HW2TFCCXY:2:1212:5010:49443,35862,71S30M,DF0003087.1,1028,63S38M
ST-E00181:662:HW2TFCCXY:2:1120:14864:66197,36072,45M56S,DF0004301.1,678,21S35M45S
ST-E00181:662:HW2TFCCXY:2:1122:7344:23073,36167,42M59S,scaffold_2680,2784,59M42S
ST-E00181:662:HW2TFCCXY:2:1106:13585:44714,36176,63S38M,DF0004301.1,922,64M37S
ST-E00181:662:HW2TFCCXY:2:1122:21897:65300,36442,41S60M,DF0004290.1,439,64S37M
ST-E00181:662:HW2TFCCXY:2:2115:21846:44960,36624,61S40M,scaffold_2680,1986,61M40S
ST-E00181:662:HW2TFCCXY:2:1215:9536:34746,36653,38M63S,scaffold_2680,2013,63M38S
ST-E00181:662:HW2TFCCXY:2:1222:3325:21596,36702,76S25M,scaffold_2680,2902,78M23S
ST-E00181:662:HW2TFCCXY:2:1202:19583:71488,36739,56M45S,scaffold_2680,2934,46M55S
ST-E00181:662:HW2TFCCXY:2:2203:6522:36768,37121,47M54S,DF0004290.1,436,69S32M
ST-E00181:662:HW2TFCCXY:2:2101:13119:58427,37266,30S71M,scaffold_487,55989,32M69S
ST-E00181:662:HW2TFCCXY:2:2203:16589:69396,37469,62M39S,DF0004290.1,446,62S37M2S
ST-E00181:662:HW2TFCCXY:2:2221:16853:29912,37591,56S45M,scaffold_2680,2483,56M45S
ST-E00181:662:HW2TFCCXY:2:1105:26372:53399,37888,43M58S,scaffold_2680,2855,10S48M43S
ST-E00181:662:HW2TFCCXY:2:1204:7923:29384,38033,69M32S,scaffold_18442,4276,32M69S
ST-E00181:662:HW2TFCCXY:2:1217:11211:33076,38146,33M68S,DF0004301.1,924,62M39S
ST-E00181:662:HW2TFCCXY:2:2115:29721:58673,38320,73S28M,scaffold_2680,2906,75M26S
ST-E00181:662:HW2TFCCXY:2:1114:28716:41110,38417,58S43M,DF0004290.1,434,50S44M7S
ST-E00181:662:HW2TFCCXY:2:1204:5649:15215,38428,38M63S,scaffold_2680,1132,36S59M6S
ST-E00181:662:HW2TFCCXY:2:1105:27965:64527,38451,73S28M,scaffold_18442,4284,38M63S
ST-E00181:662:HW2TFCCXY:2:2124:19339:57741,38577,24M77S,scaffold_2680,2901,80M21S
ST-E00181:662:HW2TFCCXY:2:1108:11373:11664,38577,55S46M,scaffold_2680,2924,57M44S
ST-E00181:662:HW2TFCCXY:2:1212:8126:12015,38605,57M44S,scaffold_2680,2907,44M57S
ST-E00181:662:HW2TFCCXY:2:1201:5436:70996,38634,31M70S,DF0004301.1,915,71M30S
ST-E00181:662:HW2TFCCXY:2:2204:8532:66935,39111,41M60S,scaffold_2680,2527,60M41S
ST-E00181:662:HW2TFCCXY:2:1105:13342:2628,39220,55M46S,scaffold_2680,2335,48M53S
ST-E00181:662:HW2TFCCXY:2:1102:4422:24269,39344,30M71S,superscaffold_288,232287,29S51M21S
ST-E00181:662:HW2TFCCXY:2:2219:5061:71365,39503,55S46M,scaffold_487,55988,9S41M51S
ST-E00181:662:HW2TFCCXY:2:2201:16204:49250,39574,48M53S,scaffold_2680,2711,47M54S
ST-E00181:662:HW2TFCCXY:2:1204:31862:9501,39582,63S38M,DF0004301.1,922,64M37S
ST-E00181:662:HW2TFCCXY:2:2224:17310:54858,39587,48M53S,scaffold_487,55984,3S19M5I27M47S
ST-E00181:662:HW2TFCCXY:2:2207:15554:55754,39636,63M38S,scaffold_18442,4275,6S32M63S
ST-E00181:662:HW2TFCCXY:2:1209:18903:5827,39814,23M78S,scaffold_2680,2900,80M21S
ST-E00181:662:HW2TFCCXY:2:2115:25530:67726,39930,51M50S,scaffold_2680,2926,54M47S
ST-E00181:662:HW2TFCCXY:2:1105:27407:16692,40173,39S62M,scaffold_2680,2583,40M61S
ST-E00181:662:HW2TFCCXY:2:1110:6086:60483,40288,75S26M,scaffold_2680,2647,76M25S
ST-E00181:662:HW2TFCCXY:2:2105:2057:6741,40424,81S20M,DF0004301.1,924,20S62M19S
ST-E00181:662:HW2TFCCXY:2:1216:16234:44556,40562,47S54M,scaffold_487,55987,42M59S
ST-E00181:662:HW2TFCCXY:2:2215:30371:65177,40645,17S32M3D22M30S,DF0003601.1,703,35M66S
ST-E00181:662:HW2TFCCXY:2:2121:13849:35502,40729,70S31M,scaffold_2680,2057,25S45M31S
ST-E00181:662:HW2TFCCXY:2:1214:28432:55983,40793,50S51M,scaffold_2680,2270,45M56S
ST-E00181:662:HW2TFCCXY:2:2102:6076:12472,40944,80S21M,scaffold_2680,1739,80M21S
ST-E00181:662:HW2TFCCXY:2:2208:7263:22511,41114,63S38M,scaffold_2680,1763,60M41S
ST-E00181:662:HW2TFCCXY:2:1219:10551:43466,41245,48S53M,scaffold_2680,2936,53S44M4S
ST-E00181:662:HW2TFCCXY:2:2220:30726:29296,41349,32M69S,DF0004301.1,915,71M30S
ST-E00181:662:HW2TFCCXY:2:1113:26372:19610,41393,56M45S,scaffold_2680,2945,56S35M10S
ST-E00181:662:HW2TFCCXY:2:1221:9617:18854,41411,33S68M,DF0004301.1,952,34M67S
ST-E00181:662:HW2TFCCXY:2:1102:5578:8376,41420,70M31S,scaffold_4099,12643,71S30M
ST-E00181:662:HW2TFCCXY:2:1203:27387:72948,41504,37M64S,DF0004301.1,919,67M34S
ST-E00181:662:HW2TFCCXY:2:1118:17513:70680,41520,64S37M,scaffold_487,55987,7S35M59S
ST-E00181:662:HW2TFCCXY:2:1117:12286:59411,41632,46S55M,scaffold_2680,2941,55S40M6S
ST-E00181:662:HW2TFCCXY:2:1207:3356:7972,41703,22M79S,scaffold_2680,1132,19S60M22S
ST-E00181:662:HW2TFCCXY:2:1205:31639:62136,41721,38M63S,scaffold_2680,2915,65M36S
ST-E00181:662:HW2TFCCXY:2:2107:8714:58427,41770,33M68S,scaffold_2680,2023,69M32S
ST-E00181:662:HW2TFCCXY:2:1102:13758:20682,41920,46S55M,scaffold_2680,2932,49M52S
ST-E00181:662:HW2TFCCXY:2:1102:19045:49109,42134,66S35M,scaffold_2680,2917,5S63M33S
ST-E00181:662:HW2TFCCXY:2:1201:29234:61732,42340,73M28S,scaffold_487,56000,30M71S
ST-E00181:662:HW2TFCCXY:2:2101:18690:44204,42597,22M79S,scaffold_2680,2900,80M21S
ST-E00181:662:HW2TFCCXY:2:1112:4817:69783,42633,59M42S,scaffold_2680,2633,42M59S
ST-E00181:662:HW2TFCCXY:2:1216:12966:15021,42691,33M68S,DF0004301.1,930,56M45S
ST-E00181:662:HW2TFCCXY:2:1223:31284:9484,42950,30M71S,DF0004301.1,914,72M29S
ST-E00181:662:HW2TFCCXY:2:2104:20080:52098,43080,25M76S,DF0004301.1,909,77M24S
ST-E00181:662:HW2TFCCXY:2:1106:3457:20419,43095,41M60S,scaffold_2680,2919,61M40S
ST-E00181:662:HW2TFCCXY:2:1204:4736:68060,43108,31S70M,scaffold_2680,1698,33M68S
ST-E00181:662:HW2TFCCXY:2:2203:30127:53469,43300,22M79S,scaffold_2680,2900,80M21S
ST-E00181:662:HW2TFCCXY:2:1209:26819:23724,43330,49M52S,DF0004290.1,436,60S41M
ST-E00181:662:HW2TFCCXY:2:1123:17036:63947,43380,56S45M,scaffold_2680,2096,19S35M47S
ST-E00181:662:HW2TFCCXY:2:2206:32217:14476,43523,50M51S,scaffold_2680,2928,52M49S
ST-E00181:662:HW2TFCCXY:2:1219:8734:14055,43680,67M34S,DF0004290.1,440,65S36M
ST-E00181:662:HW2TFCCXY:2:2206:19004:63208,43819,56S45M,scaffold_2680,2923,57M44S
ST-E00181:662:HW2TFCCXY:2:2114:4452:64896,43820,49S52M,scaffold_2680,2737,50M51S
ST-E00181:662:HW2TFCCXY:2:2112:13352:35238,43852,57M44S,DF0004301.1,941,45M56S
ST-E00181:662:HW2TFCCXY:2:2102:20669:71471,43911,33M68S,scaffold_2680,2877,70M31S
ST-E00181:662:HW2TFCCXY:2:1104:9242:66900,43980,53S48M,DF0004290.1,438,45S44M12S
ST-E00181:662:HW2TFCCXY:2:1208:12083:27204,44003,66S35M,DF0004290.1,405,38S26M3D37M
ST-E00181:662:HW2TFCCXY:2:2106:2250:34641,44291,62S39M,DF0004301.1,430,15S45M41S
ST-E00181:662:HW2TFCCXY:2:2217:10815:10837,44348,53S48M,scaffold_487,55987,42M59S
ST-E00181:662:HW2TFCCXY:2:1117:15097:16885,44365,47S54M,scaffold_2680,2932,48M53S
ST-E00181:662:HW2TFCCXY:2:2207:20892:58602,45163,48S53M,DF0004301.1,939,36M65S
ST-E00181:662:HW2TFCCXY:2:1204:31172:30738,45372,53M48S,scaffold_2680,1999,48M53S
ST-E00181:662:HW2TFCCXY:2:1105:3904:50691,45484,33M68S,scaffold_2680,2911,69M32S
ST-E00181:662:HW2TFCCXY:2:2206:11008:12191,46121,29S72M,scaffold_4099,12643,70S31M
ST-E00181:662:HW2TFCCXY:2:1104:2635:2223,46125,46S55M,scaffold_2680,1761,46M55S
ST-E00181:662:HW2TFCCXY:2:1205:12530:3893,46564,60M41S,scaffold_4099,12643,8S33M60S
ST-E00181:662:HW2TFCCXY:2:2110:7912:15900,46583,72S29M,scaffold_18442,4279,29S43M29S
ST-E00181:662:HW2TFCCXY:2:2219:16254:25148,46700,68S33M,scaffold_2680,2924,13S56M32S
ST-E00181:662:HW2TFCCXY:2:1107:30513:55157,46787,36M65S,DF0004301.1,920,66M35S
ST-E00181:662:HW2TFCCXY:2:1223:29751:15760,46917,33M68S,scaffold_2680,2911,70M31S
ST-E00181:662:HW2TFCCXY:2:2105:5802:42903,46992,52M49S,scaffold_487,55984,4S45M52S
ST-E00181:662:HW2TFCCXY:2:1122:9688:52203,47021,23M78S,scaffold_487,55984,32S17M2I31M19S
ST-E00181:662:HW2TFCCXY:2:1122:9688:52203,47425,79S22M,scaffold_487,55985,23M2I22M54H
ST-E00181:662:HW2TFCCXY:2:1111:22830:52924,47533,29M72S,scaffold_2680,2900,80M21S
ST-E00181:662:HW2TFCCXY:2:2110:19583:22511,47618,53M48S,scaffold_2680,2263,72M29S
ST-E00181:662:HW2TFCCXY:2:1210:7304:66847,47646,42S59M,scaffold_2680,2406,49M52S
ST-E00181:662:HW2TFCCXY:2:1109:29985:15742,47713,9S66M26S,DF0004290.1,440,7S35M59S
ST-E00181:662:HW2TFCCXY:2:2121:3244:8798,47739,31M70S,superscaffold_99,190239,31M70S
ST-E00181:662:HW2TFCCXY:2:1112:4208:52273,47871,19M82S,scaffold_2680,2788,70M31S
ST-E00181:662:HW2TFCCXY:2:2116:11809:6724,47955,37M64S,scaffold_2680,2897,83M18S
ST-E00181:662:HW2TFCCXY:2:1205:20517:34746,48003,39M62S,scaffold_18442,4283,37S38M26S
ST-E00181:662:HW2TFCCXY:2:1101:10632:55596,48073,45M56S,scaffold_18442,4278,44M57S
ST-E00181:662:HW2TFCCXY:2:1214:2625:62857,48290,64S37M,scaffold_21370,3369,11S47M43S
ST-E00181:662:HW2TFCCXY:2:2113:15625:47755,48576,70M31S,scaffold_2680,2914,66M35S
ST-E00181:662:HW2TFCCXY:2:1202:30188:69537,48757,59S42M,scaffold_3744,26945,69S32M
ST-E00181:662:HW2TFCCXY:2:2114:28097:72139,48817,48S53M,scaffold_2680,1888,59M42S
ST-E00181:662:HW2TFCCXY:2:1210:15625:46806,49092,48S50M3S,DF0004301.1,854,37M64S
ST-E00181:662:HW2TFCCXY:2:2121:30817:39721,49175,66S35M,DF0003645.1,5071,11S31M59S
ST-E00181:662:HW2TFCCXY:2:1112:14661:21333,49291,65M36S,scaffold_2680,2913,67M34S
ST-E00181:662:HW2TFCCXY:2:2120:6248:56581,49479,35M66S,DF0005537.1,535,2S35M64S
ST-E00181:662:HW2TFCCXY:2:1104:18081:37911,49591,62S39M,scaffold_487,55984,36S31M34S
ST-E00181:662:HW2TFCCXY:2:1218:25804:53117,49629,29M72S,DF0004290.1,438,25S32M44S
ST-E00181:662:HW2TFCCXY:2:1223:25337:63595,49631,27M74S,scaffold_44065,1153,30S42M1D29M
ST-E00181:662:HW2TFCCXY:2:2113:4909:68605,49641,50M51S,scaffold_44065,1153,28S42M1D31M
ST-E00181:662:HW2TFCCXY:2:1203:27580:36539,49654,33S68M,scaffold_2680,2928,52M49S
ST-E00181:662:HW2TFCCXY:2:1224:8562:63964,49947,34S67M,scaffold_21370,3382,34M67S
ST-E00181:662:HW2TFCCXY:2:1123:25915:55631,49954,46S55M,superscaffold_948,323283,3S30M68S
ST-E00181:662:HW2TFCCXY:2:2113:20212:27960,50147,50S51M,scaffold_18442,4278,44M57S
ST-E00181:662:HW2TFCCXY:2:2204:5741:9255,50173,32M69S,scaffold_2680,2027,6S40M55S
ST-E00181:662:HW2TFCCXY:2:1118:3620:42640,50174,60S31M10S,scaffold_487,56000,30M71S
ST-E00181:662:HW2TFCCXY:2:2113:8734:46472,50178,27M74S,scaffold_2680,2267,36M65S
ST-E00181:662:HW2TFCCXY:2:2215:2108:27503,50184,28S25M48S,scaffold_2680,1647,52M49S
ST-E00181:662:HW2TFCCXY:2:1202:6989:31881,50233,50M51S,scaffold_487,55984,6S42M53S
ST-E00181:662:HW2TFCCXY:2:2104:17868:39053,50426,55M46S,scaffold_2680,1695,40M61S
ST-E00181:662:HW2TFCCXY:2:1123:2301:58005,50594,61M40S,scaffold_2680,1665,74M27S
ST-E00181:662:HW2TFCCXY:2:2107:18944:8007,50595,27M74S,scaffold_2680,2916,67M34S
ST-E00181:662:HW2TFCCXY:2:1122:19877:66408,50852,39M62S,scaffold_2680,2928,52M49S
ST-E00181:662:HW2TFCCXY:2:1107:13555:50006,50941,51M50S,scaffold_18442,4276,47M54S
ST-E00181:662:HW2TFCCXY:2:1106:23886:46841,51129,46S55M,scaffold_4099,12643,69S32M
ST-E00181:662:HW2TFCCXY:2:2204:19248:21508,51301,31S70M,scaffold_2680,2888,39M62S
ST-E00181:662:HW2TFCCXY:2:1202:5609:22493,51803,41S60M,DF0004301.1,933,53M48S
ST-E00181:662:HW2TFCCXY:2:1111:22841:34412,51880,49M52S,scaffold_2680,1723,72M29S
ST-E00181:662:HW2TFCCXY:2:1202:19045:30158,51888,72S29M,scaffold_2680,1793,62M39S
ST-E00181:662:HW2TFCCXY:2:1101:9922:68078,51959,62S39M,scaffold_487,55993,16S36M49S
ST-E00181:662:HW2TFCCXY:2:1110:13859:33973,52258,34M67S,superscaffold_1077,6632,62S39M
ST-E00181:662:HW2TFCCXY:2:1123:31274:6864,52364,39M62S,scaffold_487,55984,7S30M64S
ST-E00181:662:HW2TFCCXY:2:1206:6066:12877,52420,40S61M,scaffold_2680,2385,58M43S
ST-E00181:662:HW2TFCCXY:2:2223:4827:52010,52492,58S43M,DF0004301.1,921,65M36S
ST-E00181:662:HW2TFCCXY:2:2116:15747:48459,52495,62S39M,scaffold_4099,12641,70S31M
ST-E00181:662:HW2TFCCXY:2:1108:18416:49636,52513,28S62M11S,scaffold_2680,2908,72M29S
ST-E00181:662:HW2TFCCXY:2:2115:16955:61415,52531,71S30M,scaffold_2680,1132,42S30M29S
ST-E00181:662:HW2TFCCXY:2:2121:19350:39159,52630,45M56S,scaffold_2680,1133,16S39M2I12M32S
ST-E00181:662:HW2TFCCXY:2:1214:9222:9132,52696,33M68S,scaffold_2103,130,53M48S
ST-E00181:662:HW2TFCCXY:2:2110:27316:28558,52771,48M53S,scaffold_2103,130,53M48S
ST-E00181:662:HW2TFCCXY:2:1108:3660:72174,52771,48M53S,scaffold_18442,4281,18S41M42S
ST-E00181:662:HW2TFCCXY:2:2109:25266:46455,53038,44M57S,scaffold_2680,1636,76M25S
ST-E00181:662:HW2TFCCXY:2:1104:15392:53785,53040,76S25M,DF0004301.1,903,87M14S
ST-E00181:662:HW2TFCCXY:2:2105:9628:30509,53101,20M81S,DF0004290.1,408,41S23M3D33M4S
ST-E00181:662:HW2TFCCXY:2:2210:17594:64456,53124,59S42M,superscaffold_276,56822,67S34M
ST-E00181:662:HW2TFCCXY:2:1220:27874:65916,53168,5S68M28S,scaffold_2680,1995,76M25S
ST-E00181:662:HW2TFCCXY:2:1218:4584:8025,53281,25M76S,scaffold_18442,4291,19S30M52S
ST-E00181:662:HW2TFCCXY:2:2102:13423:17289,53292,47S54M,scaffold_2680,2929,52M49S
ST-E00181:662:HW2TFCCXY:2:2101:6268:47087,53301,52M49S,scaffold_2680,2058,49M52S
ST-E00181:662:HW2TFCCXY:2:1118:24535:50885,53314,42M59S,scaffold_2680,2676,67M34S
ST-E00181:662:HW2TFCCXY:2:1110:23815:44503,53521,34M67S,scaffold_4523,2946,36M65S
ST-E00181:662:HW2TFCCXY:2:2207:32573:2962,53542,23M78S,scaffold_2680,2932,48M53S
ST-E00181:662:HW2TFCCXY:2:2108:25033:56879,53665,47S54M,scaffold_487,55987,42M59S
ST-E00181:662:HW2TFCCXY:2:2209:6796:33129,53705,75S26M,DF0004301.1,626,39M62S
ST-E00181:662:HW2TFCCXY:2:2106:10703:41866,53723,64M37S,scaffold_2680,1993,46M55S
ST-E00181:662:HW2TFCCXY:2:1112:7009:42147,53739,45S56M,DF0004301.1,429,70M31S
ST-E00181:662:HW2TFCCXY:2:2101:11759:44749,53747,69S32M,DF0004301.1,914,72M29S
ST-E00181:662:HW2TFCCXY:2:1124:30513:15953,53757,75S26M,DF0004301.1,928,58M43S
ST-E00181:662:HW2TFCCXY:2:1201:16914:25130,53889,57S44M,DF0004290.1,440,64S37M
ST-E00181:662:HW2TFCCXY:2:1205:17462:30439,54144,35S66M,scaffold_2680,2933,47M54S
ST-E00181:662:HW2TFCCXY:2:1120:6350:31687,54462,55M46S,scaffold_2680,2364,59M42S
ST-E00181:662:HW2TFCCXY:2:1105:31071:3137,54549,43M58S,scaffold_2680,2436,59M42S
ST-E00181:662:HW2TFCCXY:2:1102:12794:62646,54579,59S42M,scaffold_2680,2645,50M51S
ST-E00181:662:HW2TFCCXY:2:1216:23815:48371,54772,52M49S,scaffold_2680,1132,57S41M3S
ST-E00181:662:HW2TFCCXY:2:2110:23845:72825,54809,60M41S,scaffold_2680,2937,43M58S
ST-E00181:662:HW2TFCCXY:2:2203:10764:68975,55062,59M42S,scaffold_2680,2946,34M67S
ST-E00181:662:HW2TFCCXY:2:1207:15199:40407,55417,68M33S,scaffold_2680,2936,44M57S
ST-E00181:662:HW2TFCCXY:2:1124:16995:26150,55602,43S58M,scaffold_487,55984,48S30M23S
ST-E00181:662:HW2TFCCXY:2:1209:19400:5317,55662,24M77S,DF0004301.1,902,84M17S
ST-E00181:662:HW2TFCCXY:2:2203:8806:34570,55718,81S20M,scaffold_2680,2902,78M23S
ST-E00181:662:HW2TFCCXY:2:2124:29193:71647,56011,24M77S,scaffold_2680,2926,54M47S
ST-E00181:662:HW2TFCCXY:2:2115:30411:2417,56231,48M53S,scaffold_2680,2928,52M49S
ST-E00181:662:HW2TFCCXY:2:2217:32268:39387,56264,48M53S,scaffold_2680,1782,52S45M4S
ST-E00181:662:HW2TFCCXY:2:2113:25317:22985,56276,66S35M,scaffold_18442,4276,6S31M64S
ST-E00181:662:HW2TFCCXY:2:1102:26291:39229,56332,65M36S,DF0004301.1,932,54M47S
ST-E00181:662:HW2TFCCXY:2:2205:31669:32725,56842,48M53S,scaffold_2680,2933,49M52S
ST-E00181:662:HW2TFCCXY:2:2204:17533:45189,57053,45S56M,scaffold_2680,2920,60M41S
ST-E00181:662:HW2TFCCXY:2:1202:27428:25095,57334,43M58S,scaffold_2680,2220,55M46S
ST-E00181:662:HW2TFCCXY:2:2103:27458:6653,57336,46M55S,scaffold_2680,2909,72M29S
ST-E00181:662:HW2TFCCXY:2:1221:15158:25394,57399,32M69S,scaffold_2680,2312,71M30S
ST-E00181:662:HW2TFCCXY:2:2106:6076:57477,57426,71S30M,scaffold_487,55994,36M65S
ST-E00181:662:HW2TFCCXY:2:2106:6076:57477,58180,75S26M,scaffold_487,55984,21H45M35H
ST-E00181:662:HW2TFCCXY:2:2110:25712:6864,58215,26M75S,DF0004301.1,909,77M24S
ST-E00181:662:HW2TFCCXY:2:2224:15848:65722,58305,52S49M,scaffold_2680,2527,53M48S
ST-E00181:662:HW2TFCCXY:2:1113:7334:18731,58360,39S62M,DF0004301.1,946,41M60S
ST-E00181:662:HW2TFCCXY:2:2120:19055:16674,58598,48S53M,DF0004301.1,936,50M51S
ST-E00181:662:HW2TFCCXY:2:1101:19147:10222,58652,60M41S,superscaffold_1077,6632,61S40M
ST-E00181:662:HW2TFCCXY:2:1202:31233:27644,58677,45S56M,scaffold_18442,4280,55S41M5S
ST-E00181:662:HW2TFCCXY:2:1109:4533:4667,58737,66M35S,DF0004290.1,440,65S36M
ST-E00181:662:HW2TFCCXY:2:1104:22232:28681,58920,41M60S,scaffold_487,55984,3S45M53S
ST-E00181:662:HW2TFCCXY:2:2208:30097:6899,58950,49S52M,DF0004301.1,938,48M53S
ST-E00181:662:HW2TFCCXY:2:1115:19969:16815,59045,81S20M,scaffold_2680,2898,82M19S
ST-E00181:662:HW2TFCCXY:2:2203:17198:10749,59089,44M57S,DF0004301.1,928,58M43S
ST-E00181:662:HW2TFCCXY:2:2217:32157:48687,59206,67S34M,DF0004301.1,918,68M33S
ST-E00181:662:HW2TFCCXY:2:1210:6705:56493,59267,59M42S,scaffold_487,55984,4S39M58S
ST-E00181:662:HW2TFCCXY:2:2109:2057:56247,59314,20M81S,scaffold_2680,2898,82M19S
ST-E00181:662:HW2TFCCXY:2:2102:26585:63015,59352,39M62S,scaffold_2680,1757,62M39S
ST-E00181:662:HW2TFCCXY:2:2103:24474:15689,59686,46M55S,scaffold_487,56000,27S30M44S
ST-E00181:662:HW2TFCCXY:2:1115:32268:5599,59720,29M72S,DF0004301.1,563,70M31S
ST-E00181:662:HW2TFCCXY:2:1102:30127:15250,59740,73S28M,DF0004301.1,912,74M27S
ST-E00181:662:HW2TFCCXY:2:2208:2392:37243,59820,37S64M,scaffold_4099,12638,58S38M5S
ST-E00181:662:HW2TFCCXY:2:1116:4564:7251,59846,68S33M,DF0004301.1,917,69M32S
ST-E00181:662:HW2TFCCXY:2:2123:3914:49443,59855,41S60M,scaffold_2680,1366,36M65S
ST-E00181:662:HW2TFCCXY:2:1110:22536:6003,59867,58M43S,scaffold_2680,2939,41M60S
ST-E00181:662:HW2TFCCXY:2:2124:17959:21842,60267,22M79S,scaffold_2680,1133,20S74M7S
ST-E00181:662:HW2TFCCXY:2:1216:10135:20946,60307,70S31M,scaffold_2680,1709,70M31S
ST-E00181:662:HW2TFCCXY:2:1101:20121:15144,60403,58S43M,scaffold_2680,1681,58M43S
ST-E00181:662:HW2TFCCXY:2:1123:4442:34781,60534,38M63S,scaffold_2680,2240,63M38S
ST-E00181:662:HW2TFCCXY:2:1218:9374:71348,60566,68M33S,DF0004290.1,438,67S34M
ST-E00181:662:HW2TFCCXY:2:1101:20121:4772,60704,56M45S,scaffold_2680,2044,47M54S
ST-E00181:662:HW2TFCCXY:2:2110:16873:7515,60759,35S66M,DF0004290.1,439,64S37M
ST-E00181:662:HW2TFCCXY:2:1210:19461:21034,60789,19M82S,scaffold_2680,2897,83M18S
ST-E00181:662:HW2TFCCXY:2:2224:31162:48160,60793,42M59S,DF0004301.1,926,60M41S
ST-E00181:662:HW2TFCCXY:2:2107:25083:62487,60953,58M43S,scaffold_47785,63,50S51M
ST-E00181:662:HW2TFCCXY:2:1114:3285:36645,61098,56M45S,superscaffold_1183,144546,56S36M9S
ST-E00181:662:HW2TFCCXY:2:2211:5365:60466,61532,73S28M,scaffold_2680,1898,73M28S
ST-E00181:662:HW2TFCCXY:2:2121:19573:39229,61575,75S26M,scaffold_2680,2904,76M25S
ST-E00181:662:HW2TFCCXY:2:2122:24485:29314,61798,57M44S,scaffold_2680,2207,44M57S
ST-E00181:662:HW2TFCCXY:2:2211:14813:23108,62301,70S31M,scaffold_2680,2908,72M29S
ST-E00181:662:HW2TFCCXY:2:2123:22851:48248,62351,41M60S,scaffold_2680,2906,61M40S
ST-E00181:662:HW2TFCCXY:2:2217:4330:12437,62376,40M61S,scaffold_2680,1705,61M40S
ST-E00181:662:HW2TFCCXY:2:2115:26271:29877,62449,49M52S,scaffold_2680,1834,53M48S
ST-E00181:662:HW2TFCCXY:2:1222:29650:21034,62509,35M66S,DF0004301.1,919,67M34S
ST-E00181:662:HW2TFCCXY:2:2105:9029:48353,62570,46M55S,superscaffold_1077,6632,67S34M
ST-E00181:662:HW2TFCCXY:2:1105:12053:69766,62600,62M39S,DF0004290.1,438,59S42M
ST-E00181:662:HW2TFCCXY:2:1104:32867:31424,62675,41S60M,DF0004301.1,646,37M64S
ST-E00181:662:HW2TFCCXY:2:1201:24342:49707,62678,51S50M,scaffold_18442,4275,8S36M57S
ST-E00181:662:HW2TFCCXY:2:1123:20161:40319,62844,46S55M,scaffold_2680,2933,49M52S
ST-E00181:662:HW2TFCCXY:2:1217:11424:32461,62997,72S29M,DF0004301.1,913,74M27S
ST-E00181:662:HW2TFCCXY:2:1104:31487:14934,63038,59S42M,scaffold_487,55984,16S41M44S
ST-E00181:662:HW2TFCCXY:2:1120:29092:39651,63333,50M51S,scaffold_2680,2927,53M48S
ST-E00181:662:HW2TFCCXY:2:1209:27681:68500,63659,68S33M,scaffold_26276,1428,72M29S
ST-E00181:662:HW2TFCCXY:2:1212:5619:63402,63659,58S43M,scaffold_26276,1438,62M39S
ST-E00181:662:HW2TFCCXY:2:2102:6055:27767,63659,50S51M,scaffold_26276,1446,54M47S
ST-E00181:662:HW2TFCCXY:2:2212:30472:25411,63903,29S72M,superscaffold_829,63836,30M71S
ST-E00181:662:HW2TFCCXY:2:2110:23287:21403,64004,28M73S,scaffold_2680,2908,72M29S
ST-E00181:662:HW2TFCCXY:2:2101:12855:21051,64348,29S72M,DF0004301.1,956,30M71S
ST-E00181:662:HW2TFCCXY:2:1110:17513:53733,64369,44M57S,scaffold_2680,1132,19S38M44S
ST-E00181:662:HW2TFCCXY:2:1224:21257:52942,64499,61S40M,superscaffold_1132,472111,25S40M36S
ST-E00181:662:HW2TFCCXY:2:2112:17137:15742,64655,68M33S,scaffold_487,55997,30M71S
ST-E00181:662:HW2TFCCXY:2:1203:31629:69572,64659,38M63S,scaffold_2680,2169,29S34M38S
ST-E00181:662:HW2TFCCXY:2:2209:12713:21333,64688,70M31S,scaffold_2680,2947,33M68S
ST-E00181:662:HW2TFCCXY:2:1106:3833:4860,65008,53S48M,DF0004301.1,932,54M47S
ST-E00181:662:HW2TFCCXY:2:2118:29508:38790,65025,58M43S,scaffold_736,38575,7S35M59S
ST-E00181:662:HW2TFCCXY:2:2220:26910:11576,65038,51M50S,scaffold_2680,2512,51M50S
ST-E00181:662:HW2TFCCXY:2:2118:11160:36891,65157,55M46S,DF0002590.1,2346,8S34M59S
ST-E00181:662:HW2TFCCXY:2:1221:4675:9976,65165,19M82S,DF0004301.1,900,86M15S
ST-E00181:662:HW2TFCCXY:2:1114:31659:4368,65345,54S47M,DF0004301.1,933,53M48S
ST-E00181:662:HW2TFCCXY:2:1219:3904:31318,65356,64M37S,DF0004301.1,926,39M62S
ST-E00181:662:HW2TFCCXY:2:1116:27681:52291,65357,75S26M,scaffold_2680,2824,75M26S
ST-E00181:662:HW2TFCCXY:2:1203:6340:62083,65365,34M67S,scaffold_2680,2940,29S43M29S
ST-E00181:662:HW2TFCCXY:2:2224:30086:58778,65504,45M56S,scaffold_2680,1903,56M45S
ST-E00181:662:HW2TFCCXY:2:1103:9851:30404,65591,39M62S,scaffold_2680,2093,38S54M9S
ST-E00181:662:HW2TFCCXY:2:1204:27275:57846,65598,36M65S,DF0004301.1,921,65M36S
ST-E00181:662:HW2TFCCXY:2:2121:18436:24321,65837,60M41S,scaffold_20,428469,12S40M49S
ST-E00181:662:HW2TFCCXY:2:1222:26332:6601,66217,27M74S,scaffold_2680,1643,67M34S
ST-E00181:662:HW2TFCCXY:2:1224:26890:2047,66223,55S46M,scaffold_2680,1660,55M46S
ST-E00181:662:HW2TFCCXY:2:2224:10886:23618,66301,50S51M,scaffold_4099,12643,69S32M
ST-E00181:662:HW2TFCCXY:2:2204:8298:47826,66487,34S67M,DF0004290.1,440,66S35M
ST-E00181:662:HW2TFCCXY:2:1115:28341:42077,66636,39M62S,scaffold_2680,2917,64M37S
ST-E00181:662:HW2TFCCXY:2:2206:21613:10380,66899,40S61M,scaffold_2680,2944,61S37M3S
ST-E00181:662:HW2TFCCXY:2:1102:2016:54137,67100,64M37S,scaffold_487,55998,7S31M63S
ST-E00181:662:HW2TFCCXY:2:2206:15311:73299,67196,25S31M45S,DF0003458.1,1654,61S40M
ST-E00181:662:HW2TFCCXY:2:2218:19654:4596,67328,38M63S,scaffold_2680,2916,64M37S
ST-E00181:662:HW2TFCCXY:2:1224:16792:38526,67352,66S35M,scaffold_2680,2913,69M32S
ST-E00181:662:HW2TFCCXY:2:2117:28260:62751,67370,55M46S,scaffold_2680,2934,48M53S
ST-E00181:662:HW2TFCCXY:2:1104:10622:64861,67478,82S19M,DF0004301.1,901,85M16S
ST-E00181:662:HW2TFCCXY:2:1201:13220:12191,67778,25M76S,DF0004301.1,908,78M23S
ST-E00181:662:HW2TFCCXY:2:2123:18710:44732,67842,64S37M,scaffold_2680,2914,66M35S
ST-E00181:662:HW2TFCCXY:2:1123:26250:60255,67989,81S20M,scaffold_2680,1610,81M20S
ST-E00181:662:HW2TFCCXY:2:1121:21562:9800,68027,19M82S,scaffold_487,55984,37S46M18S
ST-E00181:662:HW2TFCCXY:2:2124:18842:46753,68066,44M57S,DF0004301.1,928,58M43S
ST-E00181:662:HW2TFCCXY:2:2107:17756:22089,68313,52M49S,scaffold_41781,1,49M52S
ST-E00181:662:HW2TFCCXY:2:1101:13829:70135,68545,65S36M,scaffold_2680,2928,55M46S
ST-E00181:662:HW2TFCCXY:2:1115:8511:3823,68556,62S39M,scaffold_4099,12643,40S33M28S
ST-E00181:662:HW2TFCCXY:2:2214:24921:18819,68688,77S24M,DF0004301.1,906,80M21S
ST-E00181:662:HW2TFCCXY:2:1203:19593:71998,68745,43S58M,scaffold_2680,2508,43M58S
ST-E00181:662:HW2TFCCXY:2:1202:20151:56792,68820,59M42S,scaffold_4099,12646,13S33M55S
ST-E00181:662:HW2TFCCXY:2:1211:18274:69502,68998,33M68S,scaffold_2680,2931,22S49M30S
ST-E00181:662:HW2TFCCXY:2:1201:30472:36030,69039,49S52M,scaffold_487,55987,42M59S
ST-E00181:662:HW2TFCCXY:2:1110:12428:7480,69286,44S57M,scaffold_487,55984,5S37M59S
ST-E00181:662:HW2TFCCXY:2:1124:25844:13492,69387,25M76S,scaffold_487,55985,5S44M52S
ST-E00181:662:HW2TFCCXY:2:1208:7872:71278,69436,36S65M,scaffold_487,55982,36M65S
ST-E00181:662:HW2TFCCXY:2:1223:13880:37172,69484,44M57S,DF0004290.1,439,47S42M12S
ST-E00181:662:HW2TFCCXY:2:1116:3589:17061,69664,31M70S,scaffold_2680,2857,71M30S
ST-E00181:662:HW2TFCCXY:2:2208:28199:19575,69779,69S32M,scaffold_2680,2638,69M32S
ST-E00181:662:HW2TFCCXY:2:1119:18751:27960,69860,31M70S,DF0004301.1,914,72M29S
ST-E00181:662:HW2TFCCXY:2:2101:9973:39475,69991,77S24M,DF0004301.1,908,78M23S
ST-E00181:662:HW2TFCCXY:2:2206:16589:56774,70111,44M57S,scaffold_2680,1726,57M44S
ST-E00181:662:HW2TFCCXY:2:2201:21816:9431,70121,80S21M,DF0004301.1,904,82M19S
ST-E00181:662:HW2TFCCXY:2:2114:28026:72227,70130,42M59S,scaffold_2680,2927,53M48S
ST-E00181:662:HW2TFCCXY:2:2222:10947:14512,70212,30M71S,DF0004301.1,914,72M29S
ST-E00181:662:HW2TFCCXY:2:1206:14661:49883,70238,52S49M,DF0004301.1,933,53M48S
ST-E00181:662:HW2TFCCXY:2:2224:30137:45822,70499,23M78S,scaffold_2680,2232,79M22S
ST-E00181:662:HW2TFCCXY:2:2115:14448:23390,70511,37S64M,DF0004301.1,948,38M63S
ST-E00181:662:HW2TFCCXY:2:2201:26342:59042,70536,66S35M,scaffold_2680,2951,38S32M31S
ST-E00181:662:HW2TFCCXY:2:2102:16478:71735,70595,28S73M,scaffold_2680,2949,31M70S
ST-E00181:662:HW2TFCCXY:2:2208:12530:15742,70633,33S68M,scaffold_18442,4287,34M67S
ST-E00181:662:HW2TFCCXY:2:1206:19157:43536,70684,68S33M,DF0004301.1,920,3S66M32S
ST-E00181:662:HW2TFCCXY:2:1211:23175:22335,70733,55M46S,scaffold_18442,4278,44M57S
ST-E00181:662:HW2TFCCXY:2:1112:26463:42517,70823,59M42S,DF0004301.1,430,58S43M
ST-E00181:662:HW2TFCCXY:2:2110:30421:43923,70889,59M42S,scaffold_2680,2045,42M59S
ST-E00181:662:HW2TFCCXY:2:2108:12976:57618,71001,76S25M,scaffold_2680,2133,70M31S
ST-E00181:662:HW2TFCCXY:2:2203:12499:54260,71214,43M58S,scaffold_2680,2920,61M40S
ST-E00181:662:HW2TFCCXY:2:1202:11657:3647,71235,40S61M,scaffold_2680,2939,41M60S
ST-E00181:662:HW2TFCCXY:2:2204:20517:58057,71253,37M64S,scaffold_2680,2914,66M35S
ST-E00181:662:HW2TFCCXY:2:1112:25215:19153,71280,62S39M,DF0004301.1,927,5S59M37S
ST-E00181:662:HW2TFCCXY:2:1107:21937:55737,71301,82S19M,DF0004301.1,549,84M17S
ST-E00181:662:HW2TFCCXY:2:1109:8866:27116,71420,66S35M,scaffold_2680,2913,68M33S
ST-E00181:662:HW2TFCCXY:2:2104:26068:7269,71455,25M76S,scaffold_2680,2671,80M21S
ST-E00181:662:HW2TFCCXY:2:1211:8958:27732,71602,40M61S,scaffold_2680,2887,10S52M39S
ST-E00181:662:HW2TFCCXY:2:2109:21805:70943,71817,51M50S,DF0003087.1,1009,50S51M
ST-E00181:662:HW2TFCCXY:2:2101:3244:34359,71940,39S62M,scaffold_487,55990,41M60S
ST-E00181:662:HW2TFCCXY:2:1121:14306:72789,72020,82S19M,DF0004301.1,920,19S67M15S
ST-E00181:662:HW2TFCCXY:2:1207:5325:48089,72256,50S51M,scaffold_2680,1675,52M49S
ST-E00181:662:HW2TFCCXY:2:1204:27052:67797,72279,71S30M,scaffold_2680,1673,71M30S
ST-E00181:662:HW2TFCCXY:2:1122:5446:38209,72448,47M54S,scaffold_2680,1893,54M47S
ST-E00181:662:HW2TFCCXY:2:2208:21816:3032,72586,50S51M,scaffold_2680,2928,52M49S
ST-E00181:662:HW2TFCCXY:2:1202:32471:46033,72627,59S42M,DF0004301.1,926,61M40S
ST-E00181:662:HW2TFCCXY:2:1223:32015:6284,73240,66M35S,scaffold_18442,4276,35M66S
ST-E00181:662:HW2TFCCXY:2:1223:2838:52150,73269,66S35M,scaffold_2680,2147,60M41S
ST-E00181:662:HW2TFCCXY:2:2105:2605:3331,73417,55M46S,scaffold_2680,2376,43M58S
ST-E00181:662:HW2TFCCXY:2:1117:23155:54612,73560,36M65S,scaffold_2680,2101,65M36S
ST-E00181:662:HW2TFCCXY:2:1204:18061:16533,73575,52M49S,scaffold_2680,2146,49M52S
ST-E00181:662:HW2TFCCXY:2:2208:7446:34359,73673,49M52S,scaffold_487,55984,42M59S
ST-E00181:662:HW2TFCCXY:2:1219:23196:56159,74018,30S71M,scaffold_2680,2948,32M69S
ST-E00181:662:HW2TFCCXY:2:2205:8877:6917,74061,41M60S,scaffold_487,55985,19S37M45S
ST-E00181:662:HW2TFCCXY:2:1210:31030:51131,74062,60S41M,scaffold_2680,2867,60M41S
ST-E00181:662:HW2TFCCXY:2:2118:9262:4772,74262,60M41S,scaffold_2680,1868,35M66S
ST-E00181:662:HW2TFCCXY:2:2119:16346:53258,74272,36S65M,scaffold_8523,614,27M3I21M50S
ST-E00181:662:HW2TFCCXY:2:2215:8379:62417,74296,49M52S,DF0002372.1,347,48M53S
ST-E00181:662:HW2TFCCXY:2:1120:22993:41813,74396,60M41S,DF0004301.1,944,42M59S
ST-E00181:662:HW2TFCCXY:2:1217:5467:62470,74540,51M50S,scaffold_2680,2540,51M50S
ST-E00181:662:HW2TFCCXY:2:2216:12124:8007,74585,53S48M,scaffold_2680,2926,56M45S
ST-E00181:662:HW2TFCCXY:2:2211:13443:68271,74599,45M56S,scaffold_487,55984,8S46M47S
ST-E00181:662:HW2TFCCXY:2:2208:25652:34817,74889,62S39M,DF0004301.1,922,64M37S
ST-E00181:662:HW2TFCCXY:2:1110:9678:59815,75340,72S29M,scaffold_2680,2928,26S47M28S
ST-E00181:662:HW2TFCCXY:2:2222:28696:39036,75608,37M64S,scaffold_2680,2914,69M32S
ST-E00181:662:HW2TFCCXY:2:1121:20577:28417,75625,54S47M,scaffold_1490,14025,46S55M
ST-E00181:662:HW2TFCCXY:2:2114:28077:72139,75984,42M59S,scaffold_2680,2920,60M41S
ST-E00181:662:HW2TFCCXY:2:2224:4939:14758,76197,40S61M,scaffold_2680,1733,42M59S
ST-E00181:662:HW2TFCCXY:2:1119:32268:17166,76353,54M47S,DF0004301.1,429,14S34M53S
ST-E00181:662:HW2TFCCXY:2:1211:30990:20647,76424,70M31S,DF0004301.1,954,33M68S
ST-E00181:662:HW2TFCCXY:2:2107:16884:19663,76464,66M35S,scaffold_2680,2091,36M65S
ST-E00181:662:HW2TFCCXY:2:2124:2351:14670,76466,59S42M,DF0004301.1,929,3S57M41S
ST-E00181:662:HW2TFCCXY:2:1202:31355:15830,76528,32M69S,DF0004290.1,436,42S31M28S
ST-E00181:662:HW2TFCCXY:2:1119:12033:36293,76552,41S60M,scaffold_487,55984,64S35M2S
ST-E00181:662:HW2TFCCXY:2:1111:25794:21983,76806,77S24M,DF0004290.1,405,32S27M4D42M
ST-E00181:662:HW2TFCCXY:2:2202:20172:54119,77024,68M33S,scaffold_4099,12642,66S35M
ST-E00181:662:HW2TFCCXY:2:2211:11606:44134,77370,78S23M,scaffold_2680,2305,78M23S
ST-E00181:662:HW2TFCCXY:2:1215:11891:70469,77412,64S37M,scaffold_2680,2351,64M37S
ST-E00181:662:HW2TFCCXY:2:2121:1945:42376,77430,43M58S,scaffold_487,55991,18S38M45S
ST-E00181:662:HW2TFCCXY:2:2217:32278:39405,77554,51M50S,scaffold_2680,2936,51S44M6S
ST-E00181:662:HW2TFCCXY:2:1201:14925:15672,77641,48S53M,DF0004301.1,937,49M52S
ST-E00181:662:HW2TFCCXY:2:1109:18913:41638,77672,46M55S,scaffold_2680,2923,57M44S
ST-E00181:662:HW2TFCCXY:2:1203:12479:41181,77790,67S34M,DF0004301.1,918,68M33S
ST-E00181:662:HW2TFCCXY:2:1206:31091:54963,77865,60M41S,scaffold_2680,2152,39M62S
ST-E00181:662:HW2TFCCXY:2:1123:9851:29349,77978,45M56S,scaffold_3744,26445,27S33M41S
ST-E00181:662:HW2TFCCXY:2:1221:27488:20840,78137,33M68S,DF0004301.1,927,59M42S
ST-E00181:662:HW2TFCCXY:2:1112:8866:48775,78140,58M43S,scaffold_2680,2934,46M55S
ST-E00181:662:HW2TFCCXY:2:2110:9181:60079,78434,73M28S,scaffold_4099,12643,71S30M
ST-E00181:662:HW2TFCCXY:2:1102:22983:44327,78511,33S68M,scaffold_18442,4287,35M66S
ST-E00181:662:HW2TFCCXY:2:2101:20780:63261,78616,58M43S,scaffold_2680,2946,34M67S
ST-E00181:662:HW2TFCCXY:2:1109:17289:17201,78644,51M50S,scaffold_2680,2929,52M49S
ST-E00181:662:HW2TFCCXY:2:1222:32116:16797,78670,20M81S,scaffold_487,55984,6S16M1I31M47S
ST-E00181:662:HW2TFCCXY:2:1204:4716:68060,78875,32S69M,DF0004301.1,951,35M66S
ST-E00181:662:HW2TFCCXY:2:2112:11180:39985,79021,32S69M,superscaffold_1077,6632,71S30M
ST-E00181:662:HW2TFCCXY:2:2106:15209:49215,79164,56M45S,scaffold_2680,1725,46M55S
ST-E00181:662:HW2TFCCXY:2:1102:27620:47369,79195,30M71S,DF0004301.1,931,30S56M15S
ST-E00181:662:HW2TFCCXY:2:2106:5030:58936,79649,37S64M,scaffold_2680,2516,39M62S
ST-E00181:662:HW2TFCCXY:2:2203:28513:54576,79749,50M51S,scaffold_2680,2444,51M50S
ST-E00181:662:HW2TFCCXY:2:2116:7436:26818,79759,21M80S,scaffold_2680,2899,81M20S
ST-E00181:662:HW2TFCCXY:2:1204:7933:34148,79889,37M64S,scaffold_2680,2627,64M37S
ST-E00181:662:HW2TFCCXY:2:1207:28869:51219,79893,35S66M,DF0004301.1,950,36M65S
ST-E00181:662:HW2TFCCXY:2:2123:28199:58884,79963,67M34S,scaffold_487,56000,67S34M
ST-E00181:662:HW2TFCCXY:2:1121:16640:50990,80024,77S24M,scaffold_18442,4289,21S37M43S
ST-E00181:662:HW2TFCCXY:2:2114:12063:26501,80041,63S38M,DF0004301.1,926,60M41S
ST-E00181:662:HW2TFCCXY:2:2103:8217:43255,80063,75S26M,scaffold_2680,1132,12S60M29S
ST-E00181:662:HW2TFCCXY:2:2101:15189:54875,80186,33S68M,scaffold_2680,2510,33M68S
ST-E00181:662:HW2TFCCXY:2:2215:3610:41286,80263,48M53S,scaffold_2680,2595,19S36M46S
ST-E00181:662:HW2TFCCXY:2:2116:20466:72666,80413,67S34M,scaffold_487,55984,21S45M35S
ST-E00181:662:HW2TFCCXY:2:1105:25712:60554,80616,29M72S,scaffold_2680,2907,73M28S
ST-E00181:662:HW2TFCCXY:2:2211:2432:26484,80740,24M77S,scaffold_2680,2378,77M24S
ST-E00181:662:HW2TFCCXY:2:1205:22972:51482,81070,51M50S,scaffold_4099,12641,16S35M50S
ST-E00181:662:HW2TFCCXY:2:2220:32197:2100,81351,51S50M,scaffold_2680,2320,51M50S
ST-E00181:662:HW2TFCCXY:2:1110:4066:45628,81361,28S73M,scaffold_4099,12642,70S31M
ST-E00181:662:HW2TFCCXY:2:2203:28919:2083,81433,44S57M,DF0004301.1,941,45M56S
ST-E00181:662:HW2TFCCXY:2:2208:16894:11312,81626,70S31M,scaffold_2680,2734,73M28S
ST-E00181:662:HW2TFCCXY:2:2218:3863:15180,81791,77S24M,scaffold_2680,1779,77M24S
ST-E00181:662:HW2TFCCXY:2:1104:4716:6144,81843,55S46M,scaffold_21370,3369,9S48M44S
ST-E00181:662:HW2TFCCXY:2:2209:28645:2417,81963,63M38S,scaffold_2680,2041,38M63S
ST-E00181:662:HW2TFCCXY:2:1122:30391:30474,82056,42M59S,scaffold_487,55984,42S36M23S
ST-E00181:662:HW2TFCCXY:2:1205:20324:69326,82149,75S26M,scaffold_2680,2226,26S53M22S
ST-E00181:662:HW2TFCCXY:2:2212:17026:20190,82430,53S48M,DF0004301.1,931,57M44S
ST-E00181:662:HW2TFCCXY:2:2216:32512:17940,82535,23M78S,scaffold_2680,2673,78M23S
ST-E00181:662:HW2TFCCXY:2:2219:6837:59815,82554,50M51S,scaffold_487,56002,24S30M47S
ST-E00181:662:HW2TFCCXY:2:1101:27904:43642,82700,21M80S,scaffold_44065,1153,22S42M1D37M
ST-E00181:662:HW2TFCCXY:2:2217:17340:34236,82750,58S43M,scaffold_2680,2925,55M46S
ST-E00181:662:HW2TFCCXY:2:1204:24464:14336,82778,36M65S,scaffold_2680,2914,67M34S
ST-E00181:662:HW2TFCCXY:2:2103:19877:32056,82965,51M50S,scaffold_2680,2929,51M50S
ST-E00181:662:HW2TFCCXY:2:1123:25895:47685,83143,37M64S,scaffold_2680,2926,37S55M9S
ST-E00181:662:HW2TFCCXY:2:1104:20111:72578,83148,10S57M34S,scaffold_2680,2944,37M64S
ST-E00181:662:HW2TFCCXY:2:1101:4340:66285,83205,42S59M,scaffold_2680,2937,44M57S
ST-E00181:662:HW2TFCCXY:2:2107:24880:52537,83223,22M79S,scaffold_2680,2900,80M21S
ST-E00181:662:HW2TFCCXY:2:1108:29670:34254,83247,42S59M,scaffold_2680,2072,39M62S
ST-E00181:662:HW2TFCCXY:2:2206:8877:66724,83318,34M67S,DF0004301.1,928,10S58M33S
ST-E00181:662:HW2TFCCXY:2:2106:11241:55913,83513,55S46M,scaffold_2680,2352,55M46S
ST-E00181:662:HW2TFCCXY:2:1203:10470:12209,83555,73S28M,scaffold_2680,2398,73M28S
ST-E00181:662:HW2TFCCXY:2:1202:6126:61538,83707,52M49S,scaffold_2680,2558,49M52S
ST-E00181:662:HW2TFCCXY:2:1104:23865:47474,83888,61S40M,scaffold_2680,2923,40S57M4S
ST-E00181:662:HW2TFCCXY:2:2211:29721:64087,83893,38M63S,scaffold_2680,2916,65M36S
ST-E00181:662:HW2TFCCXY:2:1107:13971:70873,84021,29M72S,scaffold_2680,2882,73M28S
ST-E00181:662:HW2TFCCXY:2:2208:15300:41989,84096,55M46S,scaffold_18442,4275,11S37M53S
ST-E00181:662:HW2TFCCXY:2:2209:19684:58936,84115,54S47M,DF0004301.1,930,62M39S
ST-E00181:662:HW2TFCCXY:2:2220:11190:15461,84479,60S41M,superscaffold_446,78911,41S37M23S
ST-E00181:662:HW2TFCCXY:2:1206:27438:14002,84493,34M67S,scaffold_2680,1712,67M34S
ST-E00181:662:HW2TFCCXY:2:2110:15016:34043,84693,24S51M26S,scaffold_8803,5236,68S33M
ST-E00181:662:HW2TFCCXY:2:1210:20821:7778,84719,31M70S,scaffold_2680,1953,70M31S
ST-E00181:662:HW2TFCCXY:2:1217:21897:62487,84887,39S62M,scaffold_18442,4286,62S35M4S
ST-E00181:662:HW2TFCCXY:2:2201:22465:47931,84992,28S73M,scaffold_18442,4292,30M71S
ST-E00181:662:HW2TFCCXY:2:1118:29599:17078,85003,15S19M54S,DF0003080.1,311,7S60M21S
ST-E00181:662:HW2TFCCXY:2:2115:13595:16182,85003,13S19M69S,DF0003080.1,276,14M3D9M3D66M4D12M
ST-E00181:662:HW2TFCCXY:2:1118:29599:17078,85003,54S19M15S,DF0003080.1,311,4S60M24S
ST-E00181:662:HW2TFCCXY:2:1118:29599:17078,85003,13S19M69S,DF0002958.1,216,57H31M
ST-E00181:662:HW2TFCCXY:2:2115:13595:16182,85024,43S58M,scaffold_27892,2255,16S30M55S
ST-E00181:662:HW2TFCCXY:2:2120:17421:49707,85168,37S64M,scaffold_312,70631,18S30M53S
ST-E00181:662:HW2TFCCXY:2:2102:5984:21948,85316,28M73S,scaffold_487,55986,38M63S
ST-E00181:662:HW2TFCCXY:2:2110:19573:22247,85463,39S62M,scaffold_2680,1722,73M28S
ST-E00181:662:HW2TFCCXY:2:1211:30969:43114,85690,38M63S,scaffold_2680,1864,35M66S
ST-E00181:662:HW2TFCCXY:2:2201:29163:43642,85707,77S24M,DF0004301.1,430,15S48M38S
ST-E00181:662:HW2TFCCXY:2:2117:7304:24655,86009,64M37S,scaffold_2680,2162,77M24S
ST-E00181:662:HW2TFCCXY:2:1116:21755:49584,86030,30M71S,scaffold_2680,2573,38M63S
ST-E00181:662:HW2TFCCXY:2:2110:19492:22493,86079,33M68S,scaffold_2680,2907,73M28S
ST-E00181:662:HW2TFCCXY:2:2204:31152:17447,86168,31M70S,DF0004301.1,917,69M32S
ST-E00181:662:HW2TFCCXY:2:1117:24718:59675,86240,41M60S,DF0004301.1,915,71M30S
ST-E00181:662:HW2TFCCXY:2:1205:16670:8148,86520,29S72M,scaffold_2680,2919,61M40S
ST-E00181:662:HW2TFCCXY:2:1203:31598:8060,86739,58S43M,scaffold_2680,2950,32M69S
ST-E00181:662:HW2TFCCXY:2:1218:6055:17254,86812,69S32M,scaffold_2680,2756,15S43M43S
ST-E00181:662:HW2TFCCXY:2:1220:10510:25253,86822,37M64S,scaffold_2680,2910,71M30S
ST-E00181:662:HW2TFCCXY:2:1118:3254:7233,87223,72M29S,scaffold_2680,2879,64M37S
ST-E00181:662:HW2TFCCXY:2:2219:31233:71348,87242,36M65S,superscaffold_1025,75387,32M69S
ST-E00181:662:HW2TFCCXY:2:2203:24515:5880,87280,51M50S,superscaffold_948,323287,50S30M21S
ST-E00181:662:HW2TFCCXY:2:2108:16427:34131,87460,69M32S,scaffold_2680,2928,53M48S
ST-E00181:662:HW2TFCCXY:2:1223:11464:47861,87625,54M47S,scaffold_18442,4290,32M69S
ST-E00181:662:HW2TFCCXY:2:2111:30442:11084,87699,54S47M,scaffold_2680,2932,48M53S
ST-E00181:662:HW2TFCCXY:2:1105:17523:62857,87875,37S64M,scaffold_2680,2925,55M46S
ST-E00181:662:HW2TFCCXY:2:2215:28828:66935,87945,58S43M,scaffold_2680,2374,37M64S
ST-E00181:662:HW2TFCCXY:2:2102:19532:24286,87961,37M64S,scaffold_487,55993,26S30M45S
ST-E00181:662:HW2TFCCXY:2:1110:22150:55825,88148,61S40M,scaffold_2680,2923,57M44S
ST-E00181:662:HW2TFCCXY:2:1118:21826:26536,88154,35S66M,DF0004301.1,924,62M39S
ST-E00181:662:HW2TFCCXY:2:1218:31385:29630,88539,68M33S,DF0004301.1,949,39M62S
ST-E00181:662:HW2TFCCXY:2:2204:15057:43114,88583,53M48S,scaffold_487,55985,3S30M68S
ST-E00181:662:HW2TFCCXY:2:2209:24850:12929,88752,34S67M,scaffold_2680,2391,48M53S
ST-E00181:662:HW2TFCCXY:2:1104:32309:7989,88899,72S29M,DF0004290.1,436,69S32M
ST-E00181:662:HW2TFCCXY:2:2102:6573:53416,89043,71M30S,scaffold_2680,2734,60M2I10M29S
ST-E00181:662:HW2TFCCXY:2:2203:4188:42394,89393,63M38S,scaffold_18442,4290,31M70S
ST-E00181:662:HW2TFCCXY:2:1124:10784:3788,89422,43S58M,DF0004290.1,438,63S38M
ST-E00181:662:HW2TFCCXY:2:2208:7659:33568,89612,36M65S,scaffold_18442,4277,45M56S
ST-E00181:662:HW2TFCCXY:2:1111:16346:68693,89646,30M71S,DF0004301.1,920,67M34S
ST-E00181:662:HW2TFCCXY:2:1203:7862:62364,89705,69M32S,scaffold_2680,2929,29S51M21S
ST-E00181:662:HW2TFCCXY:2:1218:26524:32004,89742,38M63S,scaffold_2680,2947,34M67S
ST-E00181:662:HW2TFCCXY:2:1113:18010:27029,89778,57M44S,scaffold_2680,2916,65M36S
ST-E00181:662:HW2TFCCXY:2:1207:16224:38983,89870,42S59M,DF0004301.1,941,45M56S
ST-E00181:662:HW2TFCCXY:2:1122:32045:35731,89976,26M75S,scaffold_18442,4278,43M58S
ST-E00181:662:HW2TFCCXY:2:2204:31203:52309,90106,49M52S,DF0004290.1,353,26S26M3I8M2D14M2D24M
ST-E00181:662:HW2TFCCXY:2:1101:31436:42798,90150,48M53S,DF0004290.1,436,60S41M
ST-E00181:662:HW2TFCCXY:2:1111:13930:57266,90283,67M34S,DF0004301.1,932,54M47S
ST-E00181:662:HW2TFCCXY:2:1102:22962:33111,90849,63S38M,scaffold_18442,4341,4S30M67S
ST-E00181:662:HW2TFCCXY:2:1224:13169:28277,90971,21M80S,scaffold_487,55984,8S44M49S
ST-E00181:662:HW2TFCCXY:2:1119:11627:60729,90990,65S36M,scaffold_2680,2898,82M19S
ST-E00181:662:HW2TFCCXY:2:1201:30858:15320,91146,43M58S,scaffold_2680,2875,65M36S
ST-E00181:662:HW2TFCCXY:2:2205:21836:28277,91183,69S32M,scaffold_2680,2920,60M41S
ST-E00181:662:HW2TFCCXY:2:2223:6177:63138,91311,70S31M,scaffold_2680,1849,69M32S
ST-E00181:662:HW2TFCCXY:2:1121:26717:29490,91513,58M43S,scaffold_2680,1998,73M28S
ST-E00181:662:HW2TFCCXY:2:1122:32857:15443,91524,72S29M,DF0004290.1,438,69S32M
ST-E00181:662:HW2TFCCXY:2:2223:28047:32812,91553,60S41M,scaffold_487,55982,27S11M3I32M28S
ST-E00181:662:HW2TFCCXY:2:2212:14610:2786,91571,42M59S,DF0004290.1,438,38S32M31S
ST-E00181:662:HW2TFCCXY:2:1109:26900:6284,91608,45S56M,scaffold_2680,2368,59M42S
ST-E00181:662:HW2TFCCXY:2:1111:19948:29050,91617,70M31S,scaffold_2680,2933,48M53S
ST-E00181:662:HW2TFCCXY:2:1112:28422:66935,91790,40M61S,scaffold_4099,12643,69S32M
ST-E00181:662:HW2TFCCXY:2:1118:18720:27064,91843,60M41S,DF0004290.1,452,40S31M30S
ST-E00181:662:HW2TFCCXY:2:1208:28574:32144,91891,21M80S,scaffold_2680,2677,42M59S
ST-E00181:662:HW2TFCCXY:2:2101:13027:20225,92043,46M55S,scaffold_2680,2897,83M18S
ST-E00181:662:HW2TFCCXY:2:2209:28564:4596,92099,44S57M,scaffold_2680,2924,57M44S
ST-E00181:662:HW2TFCCXY:2:2214:28879:18713,92103,59M42S,scaffold_26276,1452,48M53S
ST-E00181:662:HW2TFCCXY:2:2108:5680:42095,92173,38S43M2D20M,DF0004301.1,943,43M58S
ST-E00181:662:HW2TFCCXY:2:2224:30827:35871,92302,62M39S,scaffold_18442,4281,40M61S
ST-E00181:662:HW2TFCCXY:2:1204:23845:63894,92439,57S44M,scaffold_487,55986,4S35M62S
ST-E00181:662:HW2TFCCXY:2:1109:5619:21491,92439,57M44S,DF0004301.1,429,18S34M49S
ST-E00181:662:HW2TFCCXY:2:1218:31182:43097,92449,65S36M,scaffold_487,55992,56S31M14S
ST-E00181:662:HW2TFCCXY:2:2123:26240:18362,92526,25M76S,scaffold_2680,2802,65M36S
ST-E00181:662:HW2TFCCXY:2:2107:17117:66127,92580,42M59S,DF0004301.1,923,63M38S
ST-E00181:662:HW2TFCCXY:2:1108:6268:47474,92597,70S31M,scaffold_18442,4276,27S32M42S
ST-E00181:662:HW2TFCCXY:2:1203:3275:49883,92772,31M70S,scaffold_2680,1670,70M31S
ST-E00181:662:HW2TFCCXY:2:1223:25012:36276,93079,48M53S,scaffold_2680,2909,71M30S
ST-E00181:662:HW2TFCCXY:2:2101:17949:34904,93236,28M73S,DF0004301.1,932,54M47S
ST-E00181:662:HW2TFCCXY:2:2110:19563:22300,93306,47M54S,scaffold_2680,2777,74M27S
ST-E00181:662:HW2TFCCXY:2:1207:6471:14846,93543,24M77S,DF0004301.1,940,9S46M46S
ST-E00181:662:HW2TFCCXY:2:1103:18862:16410,93583,28M73S,scaffold_2680,2904,76M25S
ST-E00181:662:HW2TFCCXY:2:2110:19563:22440,93717,73S28M,DF0004301.1,912,74M27S
ST-E00181:662:HW2TFCCXY:2:1210:31751:4878,93813,45M56S,DF0004301.1,430,17S57M27S
ST-E00181:662:HW2TFCCXY:2:1204:26118:6161,93817,29M72S,scaffold_487,55985,10S45M46S
ST-E00181:662:HW2TFCCXY:2:1105:25469:42481,94349,39M62S,scaffold_2680,2906,76M25S
ST-E00181:662:HW2TFCCXY:2:1206:13169:65195,94878,52M49S,DF0004290.1,438,42S30M29S
ST-E00181:662:HW2TFCCXY:2:1123:3660:48617,95107,53S48M,scaffold_487,55984,9M1I36M55S
ST-E00181:662:HW2TFCCXY:2:2208:29985:23231,95146,53M48S,scaffold_18442,4279,43M58S
ST-E00181:662:HW2TFCCXY:2:2115:23693:51184,95352,61S40M,scaffold_2680,2931,49M52S
ST-E00181:662:HW2TFCCXY:2:1119:18913:40126,95386,41M60S,scaffold_2680,2917,63M38S
ST-E00181:662:HW2TFCCXY:2:1111:22414:22387,95556,51S50M,scaffold_2680,2919,61M40S
ST-E00181:662:HW2TFCCXY:2:1211:17665:14336,95563,49M52S,scaffold_2680,2928,53M48S
ST-E00181:662:HW2TFCCXY:2:2117:21004:6161,95744,48M53S,superscaffold_294,40035,49S42M10S
ST-E00181:662:HW2TFCCXY:2:2216:9770:52695,95793,36S65M,scaffold_2680,2926,54M47S
ST-E00181:662:HW2TFCCXY:2:2201:28442:55543,95826,36M65S,scaffold_4099,12640,64S37M
ST-E00181:662:HW2TFCCXY:2:1103:6116:40389,95840,73M28S,scaffold_487,55987,27S35M39S
ST-E00181:662:HW2TFCCXY:2:1101:11190:40354,95875,76S25M,scaffold_2680,2951,31M70S
ST-E00181:662:HW2TFCCXY:2:1109:3407:27433,95985,40M61S,scaffold_2680,1683,76M25S
ST-E00181:662:HW2TFCCXY:2:1107:26778:2768,96014,37M64S,scaffold_2680,1961,61M40S
ST-E00181:662:HW2TFCCXY:2:1114:21937:43923,96145,73S28M,scaffold_2680,2011,64M37S
ST-E00181:662:HW2TFCCXY:2:2110:19624:22264,96166,29S72M,scaffold_2680,2905,75M26S
ST-E00181:662:HW2TFCCXY:2:1115:15767:8060,96181,55M46S,scaffold_4099,12647,71S30M
ST-E00181:662:HW2TFCCXY:2:2205:23257:28558,96206,59M42S,scaffold_2680,2453,46M55S
ST-E00181:662:HW2TFCCXY:2:2115:26819:38983,96274,72M29S,scaffold_2680,2500,42M59S
ST-E00181:662:HW2TFCCXY:2:1115:22709:15795,96798,37S64M,scaffold_18442,4291,30M71S
ST-E00181:662:HW2TFCCXY:2:2208:27915:8921,96917,23M78S,scaffold_487,55992,37M64S
ST-E00181:662:HW2TFCCXY:2:1123:22364:39282,96988,49M52S,DF0004301.1,921,23S65M13S
ST-E00181:662:HW2TFCCXY:2:2202:17391:17764,97092,29M72S,superscaffold_228,52943,49S52M
ST-E00181:662:HW2TFCCXY:2:1211:31243:60747,97102,74S27M,scaffold_2680,2595,72M29S
ST-E00181:662:HW2TFCCXY:2:1113:8044:45488,97134,41M60S,scaffold_2680,2904,76M25S
ST-E00181:662:HW2TFCCXY:2:1101:19299:7989,97253,63M38S,DF0004301.1,925,61M40S
ST-E00181:662:HW2TFCCXY:2:2224:30218:27398,97358,59S42M,scaffold_2680,2943,38M63S
ST-E00181:662:HW2TFCCXY:2:1106:30979:13527,97403,33M68S,scaffold_2680,1894,61M40S
ST-E00181:662:HW2TFCCXY:2:1203:17919:34817,97600,66S35M,DF0004301.1,917,69M32S
ST-E00181:662:HW2TFCCXY:2:1204:23622:2575,97602,72S29M,scaffold_2680,2921,59M42S
ST-E00181:662:HW2TFCCXY:2:2110:19644:22405,97719,34S67M,scaffold_2680,2166,73M28S
ST-E00181:662:HW2TFCCXY:2:1121:4645:12701,97732,68S33M,scaffold_2680,2389,34M67S
ST-E00181:662:HW2TFCCXY:2:2124:17614:28558,97890,58S43M,scaffold_2680,2926,21M4I33M43S
ST-E00181:662:HW2TFCCXY:2:1121:4970:63402,97919,50S51M,scaffold_2680,2637,4S54M43S
ST-E00181:662:HW2TFCCXY:2:1211:23561:55666,98020,66S35M,scaffold_2680,2667,52M49S
ST-E00181:662:HW2TFCCXY:2:1206:8034:47615,98144,44S57M,DF0004301.1,928,58M43S
ST-E00181:662:HW2TFCCXY:2:1104:1824:9677,98155,54S47M,scaffold_2680,2941,57S40M4S
ST-E00181:662:HW2TFCCXY:2:1108:25012:41761,98204,33M68S,scaffold_2680,2925,55M46S
ST-E00181:662:HW2TFCCXY:2:2104:2595:21807,98251,59S42M,DF0004290.1,436,46S39M16S
ST-E00181:662:HW2TFCCXY:2:1111:11170:60431,98255,45M56S,scaffold_2680,2791,60M41S
ST-E00181:662:HW2TFCCXY:2:1209:12144:29455,98291,71S30M,DF0004301.1,950,43S36M22S
ST-E00181:662:HW2TFCCXY:2:2114:6603:12086,99108,76S25M,scaffold_18442,4276,44S35M22S
ST-E00181:662:HW2TFCCXY:2:2213:15148:35080,99154,63S38M,scaffold_2680,2903,79M22S
ST-E00181:662:HW2TFCCXY:2:1205:11129:69432,99310,32S69M,DF0004301.1,430,10S53M38S
ST-E00181:662:HW2TFCCXY:2:2115:8379:7568,99341,74S27M,DF0004301.1,677,34M67S
ST-E00181:662:HW2TFCCXY:2:2111:8998:46472,99351,35S66M,scaffold_2680,2144,27S47M27S
ST-E00181:662:HW2TFCCXY:2:2111:24748:69010,99381,22M79S,DF0004290.1,439,64S37M
ST-E00181:662:HW2TFCCXY:2:1117:6035:67533,99417,72S29M,DF0004301.1,906,80M21S
ST-E00181:662:HW2TFCCXY:2:2110:11434:53363,99436,72S29M,scaffold_2680,1132,24S49M28S
ST-E00181:662:HW2TFCCXY:2:2113:10348:45857,99465,51S50M,DF0004301.1,920,66M35S
ST-E00181:662:HW2TFCCXY:2:1103:7547:23565,99589,48S53M,scaffold_487,55992,37M64S
ST-E00181:662:HW2TFCCXY:2:1102:4970:31933,99736,63S38M,DF0004301.1,935,51M50S
ST-E00181:662:HW2TFCCXY:2:2120:18203:70223,99781,48M53S,DF0004301.1,921,65M36S
ST-E00181:662:HW2TFCCXY:2:2110:6370:21667,100078,55S46M,scaffold_2680,1810,53M48S
ST-E00181:662:HW2TFCCXY:2:1212:7821:36557,100420,80S21M,DF0004301.1,929,57M44S
ST-E00181:662:HW2TFCCXY:2:2206:13798:27679,100469,66M35S,DF0004301.1,905,81M20S
ST-E00181:662:HW2TFCCXY:2:2110:17137:61380,100557,50S51M,scaffold_2680,2539,36M65S
ST-E00181:662:HW2TFCCXY:2:2202:32451:9185,100578,79S22M,scaffold_2680,2177,50M51S
ST-E00181:662:HW2TFCCXY:2:1220:20019:21333,100591,56M45S,scaffold_2680,2555,7S72M22S
ST-E00181:662:HW2TFCCXY:2:1104:12124:15566,100684,64S37M,scaffold_18442,4279,56S42M3S
ST-E00181:662:HW2TFCCXY:2:1105:20577:29191,100703,57S44M,scaffold_2680,2914,66M35S
ST-E00181:662:HW2TFCCXY:2:1202:13098:35432,100799,66M35S,scaffold_2680,2922,58M43S
ST-E00181:662:HW2TFCCXY:2:1104:31395:15619,100801,37M64S,scaffold_2680,2859,36M65S
ST-E00181:662:HW2TFCCXY:2:2106:12520:25464,100808,47M54S,DF0004301.1,921,65M36S
ST-E00181:662:HW2TFCCXY:2:2216:20801:50674,100855,70S31M,scaffold_2680,2925,56M45S
ST-E00181:662:HW2TFCCXY:2:1210:19999:47421,101042,68S33M,scaffold_2680,2900,71M30S
ST-E00181:662:HW2TFCCXY:2:1218:2706:26079,101050,26M75S,scaffold_2680,2911,69M32S
ST-E00181:662:HW2TFCCXY:2:1214:26595:63243,101059,48S53M,scaffold_487,55986,12S38M51S
ST-E00181:662:HW2TFCCXY:2:1224:5629:5440,101084,41M60S,scaffold_487,55984,4S42M55S
ST-E00181:662:HW2TFCCXY:2:1201:31416:69273,101227,49S52M,scaffold_2680,2919,61M40S
ST-E00181:662:HW2TFCCXY:2:2211:19877:50340,101306,25M76S,scaffold_2680,2914,52S49M
ST-E00181:662:HW2TFCCXY:2:1122:9688:21262,101328,60S41M,scaffold_2680,2089,76M25S
ST-E00181:662:HW2TFCCXY:2:1211:19015:55702,101399,64M37S,scaffold_487,55984,4S41M56S
ST-E00181:662:HW2TFCCXY:2:2110:11596:72912,101410,29M72S,scaffold_487,55992,38M63S
ST-E00181:662:HW2TFCCXY:2:1205:11403:42165,101450,72S29M,DF0004301.1,911,75M26S
ST-E00181:662:HW2TFCCXY:2:1122:22029:44292,101493,71S30M,scaffold_2680,2927,53M48S
ST-E00181:662:HW2TFCCXY:2:1206:1712:39264,101593,55M46S,scaffold_2680,2937,30S44M27S
ST-E00181:662:HW2TFCCXY:2:1104:9729:54278,101607,22M79S,DF0004301.1,938,48M53S
ST-E00181:662:HW2TFCCXY:2:2124:23581:71453,101658,61S40M,scaffold_2680,2476,24S55M22S
ST-E00181:662:HW2TFCCXY:2:2109:24211:56088,101710,81S20M,scaffold_487,55990,39M62S
ST-E00181:662:HW2TFCCXY:2:1202:2798:53276,101847,66S35M,scaffold_2680,2898,82M19S
ST-E00181:662:HW2TFCCXY:2:2119:16356:21139,101905,72S29M,scaffold_2680,2911,69M32S
ST-E00181:662:HW2TFCCXY:2:2203:31507:23970,101999,60S41M,scaffold_2680,2906,74M27S
ST-E00181:662:HW2TFCCXY:2:1113:7283:67129,102105,73S28M,DF0004290.1,425,46S36M4I15M
ST-E00181:662:HW2TFCCXY:2:2103:2544:40073,102166,34M67S,DF0004301.1,936,27S50M24S
ST-E00181:662:HW2TFCCXY:2:2106:26880:45347,102240,54S47M,superscaffold_1077,6632,37S31M33S
ST-E00181:662:HW2TFCCXY:2:1103:11495:40671,102730,62M39S,scaffold_2680,2057,54M47S
ST-E00181:662:HW2TFCCXY:2:1206:8663:58198,102759,60S41M,scaffold_2680,2614,39M62S
ST-E00181:662:HW2TFCCXY:2:1117:29965:58743,102797,19S50M32S,scaffold_2680,2251,60M41S
ST-E00181:662:HW2TFCCXY:2:1221:12357:71664,102838,73S28M,scaffold_2680,2921,31S62M8S
ST-E00181:662:HW2TFCCXY:2:2105:12479:27398,102884,82S19M,scaffold_2680,2896,84M17S
ST-E00181:662:HW2TFCCXY:2:2222:28858:64667,103195,48S53M,scaffold_2680,2427,48M53S
ST-E00181:662:HW2TFCCXY:2:1102:15047:5265,103197,38S63M,scaffold_2680,2941,40M61S
ST-E00181:662:HW2TFCCXY:2:1116:18964:55438,103197,80S21M,scaffold_2680,2899,82M19S
ST-E00181:662:HW2TFCCXY:2:2101:2067:9888,103243,19M82S,scaffold_2680,2914,66M35S
ST-E00181:662:HW2TFCCXY:2:1220:4523:29437,103651,42M59S,DF0004301.1,925,61M40S
ST-E00181:662:HW2TFCCXY:2:1224:30391:51922,103688,36S65M,DF0004301.1,948,38M63S
ST-E00181:662:HW2TFCCXY:2:1102:2818:29578,103796,68S33M,scaffold_2680,2579,68M33S
ST-E00181:662:HW2TFCCXY:2:1206:31081:15215,103896,78S23M,DF0004301.1,907,79M22S
ST-E00181:662:HW2TFCCXY:2:2215:28848:66900,103933,37S64M,scaffold_487,55989,37M64S
ST-E00181:662:HW2TFCCXY:2:1201:32370:18186,104013,65M36S,DF0004290.1,451,7S33M61S
ST-E00181:662:HW2TFCCXY:2:1105:17178:10996,104185,54S47M,scaffold_18442,4285,47S36M18S
ST-E00181:662:HW2TFCCXY:2:1110:27214:66320,104266,65S36M,scaffold_2680,2002,65M36S
ST-E00181:662:HW2TFCCXY:2:2203:13798:14846,104272,34S67M,scaffold_2680,2041,34M67S
ST-E00181:662:HW2TFCCXY:2:2211:9557:40759,104431,51S50M,scaffold_4099,12649,49S30M22S
ST-E00181:662:HW2TFCCXY:2:2222:9425:7444,104468,34M67S,scaffold_18442,4277,25S42M34S
ST-E00181:662:HW2TFCCXY:2:2205:22171:52379,104560,42M59S,DF0004301.1,926,60M41S
ST-E00181:662:HW2TFCCXY:2:1203:7050:47035,104752,32M69S,scaffold_487,55985,26S14M1I28M32S
ST-E00181:662:HW2TFCCXY:2:2208:5386:36592,105018,61M40S,DF0004290.1,439,59S42M
ST-E00181:662:HW2TFCCXY:2:1208:31436:12103,105191,66M35S,DF0004301.1,724,35M66S
ST-E00181:662:HW2TFCCXY:2:1102:31264:71225,105309,57S44M,scaffold_487,56002,30S30M41S
ST-E00181:662:HW2TFCCXY:2:2106:13849:7128,105361,56S45M,scaffold_2680,1890,8S49M44S
ST-E00181:662:HW2TFCCXY:2:2103:16082:13351,105383,69S32M,scaffold_2680,1898,71M30S
ST-E00181:662:HW2TFCCXY:2:2123:12672:5300,105473,48M53S,scaffold_2680,1754,53M48S
ST-E00181:662:HW2TFCCXY:2:2219:11150:28470,105520,42M59S,DF0004301.1,925,62M39S
ST-E00181:662:HW2TFCCXY:2:2205:17442:45241,105677,30S71M,scaffold_4099,12643,70S31M
ST-E00181:662:HW2TFCCXY:2:1203:1773:29103,105684,22M79S,scaffold_2680,1740,79M22S
ST-E00181:662:HW2TFCCXY:2:1116:10013:62505,105861,35M66S,scaffold_2680,2913,67M34S
ST-E00181:662:HW2TFCCXY:2:1205:26920:26396,106061,58M43S,scaffold_2680,2937,45M56S
ST-E00181:662:HW2TFCCXY:2:2124:32146:66320,106171,48M53S,scaffold_2680,2925,55M46S
ST-E00181:662:HW2TFCCXY:2:2105:3102:23671,106229,31S70M,scaffold_18442,4289,33M68S
ST-E00181:662:HW2TFCCXY:2:2202:7030:54453,106232,45S56M,scaffold_4099,12643,12S33M56S
ST-E00181:662:HW2TFCCXY:2:1106:27225:15426,106410,41M60S,scaffold_487,55984,24S36M41S
ST-E00181:662:HW2TFCCXY:2:2210:13971:26607,106555,45M56S,scaffold_2680,2619,56M45S
ST-E00181:662:HW2TFCCXY:2:1207:26403:65089,106885,48M53S,scaffold_2680,2928,52M49S
ST-E00181:662:HW2TFCCXY:2:1124:14448:71207,106950,61S40M,scaffold_2680,2917,64M37S
ST-E00181:662:HW2TFCCXY:2:1206:8024:47632,107190,66S35M,scaffold_2680,2912,72M29S
ST-E00181:662:HW2TFCCXY:2:2103:32390:64597,107223,82S19M,DF0004301.1,550,83M18S
ST-E00181:662:HW2TFCCXY:2:2110:23510:6530,107404,52M49S,scaffold_2680,2929,51M50S
ST-E00181:662:HW2TFCCXY:2:2214:32025:26730,107408,70M31S,DF0004290.1,437,69S32M
ST-E00181:662:HW2TFCCXY:2:1209:23094:57635,107544,56S45M,DF0004301.1,929,57M44S
ST-E00181:662:HW2TFCCXY:2:2104:20435:62487,107878,51S50M,scaffold_487,55984,26M7I22M46S
ST-E00181:662:HW2TFCCXY:2:1106:28970:36522,107898,56S45M,scaffold_2680,2922,58M43S
ST-E00181:662:HW2TFCCXY:2:2106:10947:64896,108314,39M62S,scaffold_2680,2386,47S24M2I28M
ST-E00181:662:HW2TFCCXY:2:1108:25469:52854,108390,23M78S,DF0004301.1,915,71M30S
ST-E00181:662:HW2TFCCXY:2:2207:11170:4315,108506,59S42M,DF0004290.1,453,31S30M40S
ST-E00181:662:HW2TFCCXY:2:2101:3792:21983,108512,27M74S,scaffold_2680,2905,75M26S
ST-E00181:662:HW2TFCCXY:2:1121:18355:29068,108644,72S29M,scaffold_2680,2003,72M29S
ST-E00181:662:HW2TFCCXY:2:1208:28869:28646,108713,46M55S,DF0004301.1,927,59M42S
ST-E00181:662:HW2TFCCXY:2:2104:23987:35942,108810,27M74S,scaffold_2680,2915,27S66M8S
ST-E00181:662:HW2TFCCXY:2:1220:10003:66812,108857,58S43M,scaffold_2680,1755,20S40M41S
ST-E00181:662:HW2TFCCXY:2:1203:10165:35379,108867,41M60S,DF0004301.1,925,61M40S
ST-E00181:662:HW2TFCCXY:2:2108:27103:31916,109092,47M54S,scaffold_2680,2925,55M46S
ST-E00181:662:HW2TFCCXY:2:1208:7283:30808,109106,80S21M,scaffold_2680,1610,81M20S
ST-E00181:662:HW2TFCCXY:2:2101:8745:12806,109172,77S24M,DF0004301.1,908,78M23S
ST-E00181:662:HW2TFCCXY:2:2202:30228:9167,109226,59S42M,scaffold_2680,2919,2S62M37S
ST-E00181:662:HW2TFCCXY:2:2105:31933:11628,109275,53M48S,scaffold_2680,2467,48M53S
ST-E00181:662:HW2TFCCXY:2:2124:10998:62804,109287,31M70S,scaffold_2680,2909,71M30S
ST-E00181:662:HW2TFCCXY:2:1213:32481:24462,109418,32M69S,scaffold_2680,2910,70M31S
ST-E00181:662:HW2TFCCXY:2:1113:22414:64087,109533,35S66M,scaffold_2680,2831,36M65S
ST-E00181:662:HW2TFCCXY:2:1117:31304:57266,109813,65S36M,scaffold_2680,1747,65M36S
ST-E00181:662:HW2TFCCXY:2:2123:22039:13721,110038,82S19M,scaffold_2680,1607,84M17S
ST-E00181:662:HW2TFCCXY:2:1120:8460:51236,110086,46S55M,scaffold_2680,1886,37M64S
ST-E00181:662:HW2TFCCXY:2:2123:22079:40618,110256,69M32S,scaffold_18442,4288,33M68S
ST-E00181:662:HW2TFCCXY:2:1201:27316:27890,110291,47S54M,scaffold_2680,2932,48M53S
ST-E00181:662:HW2TFCCXY:2:2105:8329:4807,110362,68M33S,scaffold_2680,2214,33M68S
ST-E00181:662:HW2TFCCXY:2:1101:10947:40917,110451,38M63S,scaffold_2680,2916,64M37S
ST-E00181:662:HW2TFCCXY:2:1204:30685:16955,110578,40S61M,scaffold_2680,2503,40M61S
ST-E00181:662:HW2TFCCXY:2:1111:11261:21526,110591,49S52M,DF0004301.1,935,51M50S
ST-E00181:662:HW2TFCCXY:2:1109:30797:42604,110611,49M52S,scaffold_487,55994,35M66S
ST-E00181:662:HW2TFCCXY:2:2202:19918:49601,110644,62M39S,scaffold_2680,2940,41M60S
ST-E00181:662:HW2TFCCXY:2:1104:30431:38491,110729,30M71S,DF0004301.1,914,74M27S
ST-E00181:662:HW2TFCCXY:2:1211:23500:20014,110970,80S21M,scaffold_2680,2922,27S58M16S
ST-E00181:662:HW2TFCCXY:2:1109:18903:41655,111003,55S46M,DF0004301.1,930,56M45S
ST-E00181:662:HW2TFCCXY:2:1112:13119:16129,111044,65S36M,scaffold_2680,1822,65M36S
ST-E00181:662:HW2TFCCXY:2:1106:8055:16182,111164,74M27S,scaffold_4099,12641,70S31M
ST-E00181:662:HW2TFCCXY:2:1110:29934:9220,111269,21M80S,DF0004301.1,904,82M19S
ST-E00181:662:HW2TFCCXY:2:1104:25317:73088,111586,72S29M,DF0004301.1,430,18S52M31S
ST-E00181:662:HW2TFCCXY:2:1207:32715:46173,111646,52S49M,scaffold_18442,4275,10S44M47S
ST-E00181:662:HW2TFCCXY:2:1203:12063:62118,111912,54S47M,scaffold_850,61224,59M42S
ST-E00181:662:HW2TFCCXY:2:1207:32004:66636,112166,78S23M,scaffold_2680,2901,80M21S
ST-E00181:662:HW2TFCCXY:2:2108:3325:20049,112268,50M51S,scaffold_2680,2175,52M49S
ST-E00181:662:HW2TFCCXY:2:2121:12276:47474,112373,70M31S,superscaffold_1077,6632,70S31M
ST-E00181:662:HW2TFCCXY:2:1114:4219:42974,112519,61S40M,scaffold_52,19731,37S64M
ST-E00181:662:HW2TFCCXY:2:1114:4005:49250,112519,61S40M,scaffold_52,19731,37S64M
ST-E00181:662:HW2TFCCXY:2:2109:16356:42868,112644,21M80S,scaffold_2680,1610,81M20S
ST-E00181:662:HW2TFCCXY:2:2204:25266:38825,112690,21M80S,scaffold_2680,1963,80M21S
ST-E00181:662:HW2TFCCXY:2:2202:7984:19504,112910,72S29M,scaffold_487,55984,17S45M39S
ST-E00181:662:HW2TFCCXY:2:1208:2534:38754,113155,67M34S,DF0004301.1,745,34M67S
ST-E00181:662:HW2TFCCXY:2:1109:12236:58725,113393,54M47S,scaffold_487,55990,36M65S
ST-E00181:662:HW2TFCCXY:2:1211:8450:37295,113417,37M64S,DF0004301.1,927,6S60M35S
ST-E00181:662:HW2TFCCXY:2:1206:20090:38790,113446,19M82S,DF0004301.1,903,83M18S
ST-E00181:662:HW2TFCCXY:2:2104:8278:49056,113506,21M80S,scaffold_2680,1787,24S72M5S
ST-E00181:662:HW2TFCCXY:2:2111:23997:10996,113531,38M63S,scaffold_2680,1819,64M37S
ST-E00181:662:HW2TFCCXY:2:2203:29548:26308,113650,56M45S,scaffold_8523,1005,57S42M2S
ST-E00181:662:HW2TFCCXY:2:2221:25398:15496,113924,27M74S,scaffold_2680,2381,74M27S
ST-E00181:662:HW2TFCCXY:2:2105:20405:69185,113940,40M61S,DF0004301.1,924,62M39S
ST-E00181:662:HW2TFCCXY:2:2110:24789:20032,113958,37M64S,DF0004301.1,921,65M36S
ST-E00181:662:HW2TFCCXY:2:2215:8359:62417,114227,50S51M,scaffold_2680,2884,43M58S
ST-E00181:662:HW2TFCCXY:2:2119:3955:47896,114301,42M59S,scaffold_2680,2357,52M49S
ST-E00181:662:HW2TFCCXY:2:1223:15625:48388,114376,40S61M,scaffold_2680,1689,38M63S
ST-E00181:662:HW2TFCCXY:2:1121:10490:54401,114381,58S43M,DF0001848.1,167,70S31M
ST-E00181:662:HW2TFCCXY:2:1103:18193:16516,114455,30M71S,scaffold_2680,2907,73M28S
ST-E00181:662:HW2TFCCXY:2:1117:22394:27872,114659,35S66M,scaffold_487,55982,36M65S
ST-E00181:662:HW2TFCCXY:2:2208:18274:29455,114699,43S58M,DF0004301.1,941,46M55S
ST-E00181:662:HW2TFCCXY:2:1109:26687:49760,114711,71M30S,scaffold_4099,12643,70S31M
ST-E00181:662:HW2TFCCXY:2:1114:31436:53803,114819,40M61S,scaffold_2680,2817,42M2I17M40S
ST-E00181:662:HW2TFCCXY:2:1115:12053:8517,114879,55M46S,scaffold_21370,3369,46M55S
ST-E00181:662:HW2TFCCXY:2:2218:29924:31494,114930,72S29M,scaffold_44065,1153,30S42M1D29M
ST-E00181:662:HW2TFCCXY:2:1107:18243:69449,115036,29M5D15M57S,scaffold_6269,131,63M38S
ST-E00181:662:HW2TFCCXY:2:1104:5203:15707,115053,56S45M,scaffold_2680,2922,60M41S
ST-E00181:662:HW2TFCCXY:2:1103:19512:41479,115105,45S21M1I34M,scaffold_4099,12642,12S33M56S
ST-E00181:662:HW2TFCCXY:2:2201:18355:53926,115339,31M70S,scaffold_2680,1133,19S51M31S
ST-E00181:662:HW2TFCCXY:2:1124:31253:70469,115557,40S61M,scaffold_2680,2946,12S36M53S
ST-E00181:662:HW2TFCCXY:2:1116:2656:15795,115598,25M76S,scaffold_2680,1859,76M25S
ST-E00181:662:HW2TFCCXY:2:1201:29711:31863,115709,19M82S,DF0004301.1,900,86M15S
ST-E00181:662:HW2TFCCXY:2:1206:5122:56879,115718,53S48M,scaffold_2680,2926,54M47S
ST-E00181:662:HW2TFCCXY:2:1106:27590:72491,115755,37S64M,scaffold_2680,2942,39M62S
ST-E00181:662:HW2TFCCXY:2:2113:12175:71629,115811,75S26M,scaffold_2680,2262,73M28S
ST-E00181:662:HW2TFCCXY:2:2122:10358:11628,115927,66S35M,scaffold_2680,2384,67M34S
ST-E00181:662:HW2TFCCXY:2:2111:27468:1995,115977,66S35M,scaffold_2680,2912,69M32S
ST-E00181:662:HW2TFCCXY:2:2108:30685:27327,116051,78M23S,superscaffold_301,25049,31M70S
ST-E00181:662:HW2TFCCXY:2:1213:26940:63384,116251,30S71M,DF0004290.1,439,69S32M
ST-E00181:662:HW2TFCCXY:2:2203:28706:52906,116303,81S20M,DF0004301.1,552,81M20S
ST-E00181:662:HW2TFCCXY:2:2207:6766:63947,116433,16S26M59S,scaffold_2680,2771,56M45S
ST-E00181:662:HW2TFCCXY:2:2117:18020:17799,116450,69S32M,scaffold_2680,2911,69M32S
ST-E00181:662:HW2TFCCXY:2:1111:11769:6724,116656,77S24M,scaffold_2680,2901,80M21S
ST-E00181:662:HW2TFCCXY:2:1211:2158:34201,116715,29S72M,scaffold_2680,2950,30M71S
ST-E00181:662:HW2TFCCXY:2:1102:20669:55297,116725,43M58S,scaffold_2680,2947,26S33M42S
ST-E00181:662:HW2TFCCXY:2:2104:9658:25394,116743,47M54S,scaffold_2680,2944,20S36M45S
ST-E00181:662:HW2TFCCXY:2:1208:3123:18467,116986,41S60M,scaffold_2680,2938,42M59S
ST-E00181:662:HW2TFCCXY:2:1212:22638:3401,117246,31S70M,scaffold_18442,4289,32M69S
ST-E00181:662:HW2TFCCXY:2:2224:32603:52520,117263,39M62S,scaffold_2680,2193,62M39S
ST-E00181:662:HW2TFCCXY:2:1112:26524:14564,117296,33M68S,scaffold_2680,2246,69M32S
ST-E00181:662:HW2TFCCXY:2:2202:31345:18555,117529,46M55S,scaffold_2680,2923,58M43S
ST-E00181:662:HW2TFCCXY:2:2219:24840:51939,117648,62S39M,scaffold_2680,2729,62M39S
ST-E00181:662:HW2TFCCXY:2:2202:23794:26853,117655,56S45M,scaffold_2680,2938,43S43M15S
ST-E00181:662:HW2TFCCXY:2:1102:12368:16059,117724,39M62S,DF0004301.1,923,63M38S
ST-E00181:662:HW2TFCCXY:2:1119:26352:28259,117939,61S40M,scaffold_2680,2442,62M39S
ST-E00181:662:HW2TFCCXY:2:1105:11018:27468,118042,32S69M,DF0004301.1,953,33M68S
ST-E00181:662:HW2TFCCXY:2:2209:24819:12877,118057,53M48S,scaffold_2680,2771,48M53S
ST-E00181:662:HW2TFCCXY:2:1219:29792:34219,118236,76S25M,scaffold_18442,4275,36S42M23S
ST-E00181:662:HW2TFCCXY:2:2118:12012:45681,118302,70S31M,scaffold_18442,4278,13S44M44S
ST-E00181:662:HW2TFCCXY:2:1104:11048:26993,118305,63M38S,scaffold_183,174249,30S30M41S
ST-E00181:662:HW2TFCCXY:2:1217:28026:53522,118428,28M73S,DF0004301.1,911,75M26S
ST-E00181:662:HW2TFCCXY:2:1202:28047:39528,118785,22M79S,DF0004301.1,906,80M21S
ST-E00181:662:HW2TFCCXY:2:1202:21460:65705,118962,31S70M,scaffold_20288,4192,70S31M
ST-E00181:662:HW2TFCCXY:2:1107:32603:29982,118974,41S60M,scaffold_2680,2602,37M64S
ST-E00181:662:HW2TFCCXY:2:1111:31812:16094,119273,25M76S,scaffold_44065,1153,26S42M1D33M
ST-E00181:662:HW2TFCCXY:2:1104:5751:63701,119595,77S24M,DF0004301.1,907,80M21S
ST-E00181:662:HW2TFCCXY:2:1207:28290:17940,119813,39M62S,scaffold_2680,2922,58M43S
ST-E00181:662:HW2TFCCXY:2:1204:5142:15355,119822,54S47M,scaffold_2680,2925,57M44S
ST-E00181:662:HW2TFCCXY:2:1205:5375:38754,119864,49M52S,scaffold_487,55985,44M57S
ST-E00181:662:HW2TFCCXY:2:1221:22333:70522,119890,69S32M,scaffold_2680,1132,29S72M
ST-E00181:662:HW2TFCCXY:2:1101:13413:50498,119956,36S65M,DF0004290.1,440,67S34M
ST-E00181:662:HW2TFCCXY:2:1106:27214:15443,120085,60S41M,scaffold_2680,2919,61M40S
ST-E00181:662:HW2TFCCXY:2:1214:9445:31775,120142,65S36M,scaffold_2680,2328,65M36S
ST-E00181:662:HW2TFCCXY:2:2212:18832:37594,120215,41M60S,scaffold_2680,2586,57M44S
ST-E00181:662:HW2TFCCXY:2:2207:30888:20120,120281,32M69S,scaffold_2680,1133,30S43M28S
ST-E00181:662:HW2TFCCXY:2:2110:28858:50603,120315,20M81S,DF0004301.1,552,81M20S
ST-E00181:662:HW2TFCCXY:2:1211:29721:53891,120338,18S45M38S,DF0004290.1,439,32M69S
ST-E00181:662:HW2TFCCXY:2:1101:6197:26079,120432,44M57S,scaffold_2680,1914,16S41M44S
ST-E00181:662:HW2TFCCXY:2:1103:18254:12437,120463,48S53M,scaffold_18442,4275,2S35M64S
ST-E00181:662:HW2TFCCXY:2:1110:26433:44538,120619,28M73S,scaffold_2680,2906,74M27S
ST-E00181:662:HW2TFCCXY:2:1104:32197:61134,121028,23M78S,DF0004301.1,907,79M22S
ST-E00181:662:HW2TFCCXY:2:2111:16346:59059,121100,59S42M,scaffold_18442,4279,20M2I23M56S
ST-E00181:662:HW2TFCCXY:2:2116:16315:30843,121279,45M56S,DF0004301.1,430,4S53M44S
ST-E00181:662:HW2TFCCXY:2:1108:13941:22721,121363,53S48M,scaffold_487,55984,9S40M52S
ST-E00181:662:HW2TFCCXY:2:1118:1387:20172,121601,35M66S,scaffold_2680,2845,62M39S
ST-E00181:662:HW2TFCCXY:2:1116:2940:3243,121850,44M57S,scaffold_2680,2720,11S47M43S
ST-E00181:662:HW2TFCCXY:2:1216:20811:30580,121877,80S21M,DF0004301.1,904,82M19S
ST-E00181:662:HW2TFCCXY:2:2221:21491:29367,121949,72M29S,scaffold_18442,4291,30M71S
ST-E00181:662:HW2TFCCXY:2:2217:16995:69854,122199,54S47M,scaffold_18442,4275,15S39M47S
ST-E00181:662:HW2TFCCXY:2:1114:13656:14037,122348,26M75S,scaffold_2680,2904,77M24S
ST-E00181:662:HW2TFCCXY:2:1123:30665:61011,122377,26M75S,scaffold_487,55987,26S28M5I14M28S
ST-E00181:662:HW2TFCCXY:2:1123:4432:20946,122473,56M45S,scaffold_2680,2934,46M55S
ST-E00181:662:HW2TFCCXY:2:1210:21562:10855,122718,64S37M,scaffold_2680,2734,57M44S
ST-E00181:662:HW2TFCCXY:2:2121:14813:10767,123306,35S66M,superscaffold_1077,6632,70S31M
ST-E00181:662:HW2TFCCXY:2:2218:12357:13896,123375,29S72M,scaffold_2680,2950,30M71S
ST-E00181:662:HW2TFCCXY:2:1106:25804:27591,123439,50S51M,scaffold_2680,2312,47M54S
ST-E00181:662:HW2TFCCXY:2:1122:4482:56792,123616,72S29M,scaffold_2680,2906,74M27S
ST-E00181:662:HW2TFCCXY:2:2208:3366:65828,123662,71S30M,scaffold_2680,2526,9S63M29S
ST-E00181:662:HW2TFCCXY:2:1205:16183:41409,123894,63M38S,scaffold_4099,12643,68S33M
ST-E00181:662:HW2TFCCXY:2:2113:29731:45435,124026,31S70M,scaffold_4099,12642,68S33M
ST-E00181:662:HW2TFCCXY:2:2123:4685:71559,124026,59S42M,scaffold_2680,2932,24S35M42S
ST-E00181:662:HW2TFCCXY:2:2103:6654:23038,124057,62S39M,scaffold_2680,1956,63M38S
ST-E00181:662:HW2TFCCXY:2:1219:14154:53012,124101,48M53S,scaffold_18442,4289,33M68S
ST-E00181:662:HW2TFCCXY:2:1209:27306:58286,124185,26M75S,scaffold_2680,2904,76M25S
ST-E00181:662:HW2TFCCXY:2:2222:26382:57811,124317,57S44M,scaffold_18442,4275,11S37M53S
ST-E00181:662:HW2TFCCXY:2:1101:5284:71436,124332,63S38M,scaffold_2680,2315,60M41S
ST-E00181:662:HW2TFCCXY:2:2204:8024:70627,124358,61S40M,scaffold_2680,2358,61M40S
ST-E00181:662:HW2TFCCXY:2:1114:31629:11066,124424,40M61S,DF0004301.1,923,63M38S
ST-E00181:662:HW2TFCCXY:2:1209:15503:22651,124667,28M73S,scaffold_2680,1689,70M31S
ST-E00181:662:HW2TFCCXY:2:1217:30553:8675,124993,49S52M,DF0004290.1,445,14S39M48S
ST-E00181:662:HW2TFCCXY:2:1123:25449:53346,125018,51M50S,DF0004290.1,436,50S34M17S
ST-E00181:662:HW2TFCCXY:2:1121:22323:31336,125162,81S20M,scaffold_18442,4275,31S45M25S
ST-E00181:662:HW2TFCCXY:2:1210:19624:9607,125266,43M58S,scaffold_2680,2921,59M42S
ST-E00181:662:HW2TFCCXY:2:2123:15625:48881,125343,26M75S,DF0002626.1,1175,61S30M10S
ST-E00181:662:HW2TFCCXY:2:1109:9313:11611,125413,58S43M,scaffold_18442,4275,11S42M48S
ST-E00181:662:HW2TFCCXY:2:2215:30726:10099,125520,43S58M,DF0004290.1,444,58S39M4S
ST-E00181:662:HW2TFCCXY:2:1102:12317:4087,125725,37M64S,scaffold_487,55987,24S36M41S
ST-E00181:662:HW2TFCCXY:2:1220:25997:39844,125745,72M29S,scaffold_2680,2950,30M71S
ST-E00181:662:HW2TFCCXY:2:1208:6979:11681,125784,51S50M,scaffold_2680,2612,51M50S
ST-E00181:662:HW2TFCCXY:2:1101:13382:50515,125919,36S65M,scaffold_18442,4284,38M63S
ST-E00181:662:HW2TFCCXY:2:1203:5781:66847,125960,65M36S,DF0004301.1,753,34M67S
ST-E00181:662:HW2TFCCXY:2:1201:6238:43448,126071,72S29M,DF0004301.1,943,30S44M27S
ST-E00181:662:HW2TFCCXY:2:1105:3468:29156,126075,28M73S,scaffold_2680,1133,15S59M27S
ST-E00181:662:HW2TFCCXY:2:1124:28524:57723,126228,42M59S,scaffold_2680,1742,57M44S
ST-E00181:662:HW2TFCCXY:2:2204:19715:25200,126242,61M40S,scaffold_2680,1783,40M61S
ST-E00181:662:HW2TFCCXY:2:1209:9577:58620,126289,21M80S,DF0004301.1,905,81M20S
ST-E00181:662:HW2TFCCXY:2:2214:2899:42552,126376,36S61M4S,DF0004290.1,438,62S39M
ST-E00181:662:HW2TFCCXY:2:1204:3376:22177,126755,31M70S,scaffold_2680,2395,30S52M19S
ST-E00181:662:HW2TFCCXY:2:2104:1996:55614,126902,68M33S,scaffold_487,55987,30M71S
ST-E00181:662:HW2TFCCXY:2:1202:25794:8482,127004,57S44M,DF0004301.1,926,61M40S
ST-E00181:662:HW2TFCCXY:2:2112:5091:11013,127168,40M61S,scaffold_2680,2917,64M37S
ST-E00181:662:HW2TFCCXY:2:2118:5558:10205,127201,48M53S,DF0004301.1,931,55M46S
ST-E00181:662:HW2TFCCXY:2:1205:9739:20366,127366,59S42M,scaffold_2680,2950,30S30M41S
ST-E00181:662:HW2TFCCXY:2:1204:27600:45716,127376,70S31M,scaffold_2680,2266,70M31S
ST-E00181:662:HW2TFCCXY:2:1205:11079:15514,127395,73S28M,scaffold_2680,2281,74M27S
ST-E00181:662:HW2TFCCXY:2:1109:19309:26396,127458,61S40M,scaffold_2680,2407,53S48M
ST-E00181:662:HW2TFCCXY:2:2203:26108:71963,127492,28S73M,DF0004290.1,440,71S30M
ST-E00181:662:HW2TFCCXY:2:2104:16183:62822,127813,27M74S,scaffold_2680,2720,75M26S
ST-E00181:662:HW2TFCCXY:2:1124:22912:24937,127878,23M78S,scaffold_2680,1131,3S75M23S
ST-E00181:662:HW2TFCCXY:2:2218:27356:53487,128000,37S64M,scaffold_2680,2763,36M65S
ST-E00181:662:HW2TFCCXY:2:1202:24677:59147,128112,42S59M,scaffold_2680,2948,11S34M56S
ST-E00181:662:HW2TFCCXY:2:2207:18659:14476,128392,35S66M,DF0004290.1,438,64S37M
ST-E00181:662:HW2TFCCXY:2:1213:14966:38209,128455,61M40S,DF0004290.1,437,40M61S
ST-E00181:662:HW2TFCCXY:2:1207:31893:22177,128540,55M46S,scaffold_2680,2932,49M52S
ST-E00181:662:HW2TFCCXY:2:1207:22597:66865,128654,36M65S,scaffold_2680,2931,17S49M35S
ST-E00181:662:HW2TFCCXY:2:2204:14702:28365,128689,54S47M,scaffold_2680,1855,48M53S
ST-E00181:662:HW2TFCCXY:2:1115:3508:51939,128856,38M63S,scaffold_2680,2852,63M38S
ST-E00181:662:HW2TFCCXY:2:2123:22364:65722,129054,63S38M,DF0004301.1,921,65M36S
ST-E00181:662:HW2TFCCXY:2:2104:3772:61327,129113,29M72S,scaffold_2680,2907,73M28S
ST-E00181:662:HW2TFCCXY:2:1220:13261:67498,129167,55S46M,scaffold_2680,1889,56M45S
ST-E00181:662:HW2TFCCXY:2:1214:19076:8095,129386,48S53M,DF0004301.1,937,49M52S
ST-E00181:662:HW2TFCCXY:2:2113:13179:43905,129463,53S48M,scaffold_487,55984,40M61S
ST-E00181:662:HW2TFCCXY:2:1209:2229:6794,129646,56S45M,scaffold_2680,2539,56M45S
ST-E00181:662:HW2TFCCXY:2:2112:28209:61433,129861,75M26S,scaffold_28046,35,71S30M
ST-E00181:662:HW2TFCCXY:2:1207:24850:36205,129939,82S19M,DF0004301.1,551,82M19S
ST-E00181:662:HW2TFCCXY:2:2117:20354:48459,130200,42S59M,scaffold_2680,2948,57S34M10S
ST-E00181:662:HW2TFCCXY:2:2119:22140:23847,130265,54M47S,DF0004301.1,938,48M53S
ST-E00181:662:HW2TFCCXY:2:1205:27610:11980,130357,36M65S,DF0004301.1,920,66M35S
ST-E00181:662:HW2TFCCXY:2:2122:31193:42481,130472,38M63S,DF0004290.1,352,45S36M2D20M
ST-E00181:662:HW2TFCCXY:2:1116:10754:50076,130567,62S39M,scaffold_2680,2916,64M37S
ST-E00181:662:HW2TFCCXY:2:2107:3630:22335,130569,42S59M,scaffold_18442,4275,7S30M64S
ST-E00181:662:HW2TFCCXY:2:2115:5304:44292,130707,57S44M,DF0004301.1,928,58M43S
ST-E00181:662:HW2TFCCXY:2:2204:30746:27152,130770,81S20M,scaffold_2680,2692,79M22S
ST-E00181:662:HW2TFCCXY:2:2205:13778:41919,130859,38M63S,DF0004301.1,932,54M47S
ST-E00181:662:HW2TFCCXY:2:2103:22445:3876,130860,60S41M,scaffold_2680,2835,60M41S
ST-E00181:662:HW2TFCCXY:2:2124:24464:15180,130965,53M48S,scaffold_2680,2929,51M50S
ST-E00181:662:HW2TFCCXY:2:1203:19908:30492,131035,31S70M,scaffold_4099,12643,68S33M
ST-E00181:662:HW2TFCCXY:2:2205:23764:72614,131151,25M76S,scaffold_2680,2912,9S68M24S
ST-E00181:662:HW2TFCCXY:2:2217:32289:39387,131733,50S51M,DF0004301.1,942,55S46M
ST-E00181:662:HW2TFCCXY:2:2108:4279:16252,131819,81S20M,scaffold_2680,2898,82M19S
ST-E00181:662:HW2TFCCXY:2:2206:2991:14090,131821,31M70S,scaffold_2680,2489,70M31S
ST-E00181:662:HW2TFCCXY:2:2206:26575:55860,131885,63M38S,DF0004301.1,747,38M63S
ST-E00181:662:HW2TFCCXY:2:1110:24231:3594,132071,56M45S,DF0004290.1,437,55S42M4S
ST-E00181:662:HW2TFCCXY:2:1218:8907:67867,132348,49M52S,scaffold_18442,4275,12S37M52S
ST-E00181:662:HW2TFCCXY:2:1122:27062:61767,132383,71M30S,scaffold_18442,4290,32M69S
ST-E00181:662:HW2TFCCXY:2:1207:7243:17307,132441,59S42M,DF0004290.1,439,29S30M42S
