gene,Start,Stop,missense_iSNV,missense_SNP,iSNV_frequency,SNP_frequency
cds1,1,741,1,0,0.00135135,0
cds2,806,2194,1,2,0.000720461,0.00144092
cds3,2193,3029,3,1,0.00358852,0.00119617
cds4,3086,4501,0,4,0,0.00282686
cds5,4557,4727,0,30,0,0.176471
cds6,4727,4900,0,0,0,0
cds7,4837,5124,0,24,0,0.0836237
cds8,5135,6589,1,3,0.000687758,0.00206327
cds9,6773,7888,1,1,0.000896861,0.000896861
cds10,8082,9173,1,3,0.00091659,0.00274977
cds11,11019,11177,0,0,0,0
cds12,11176,13284,1,0,0.000474383,0
cds13,13403,13693,0,0,0,0
cds14,13710,14423,1,0,0.00140252,0
cds15,14471,14806,0,0,0,0
cds16,14763,15404,1,1,0.00156006,0.00156006
cds17,15450,16601,2,5,0.00173762,0.00434405
cds18,16605,17324,1,2,0.00139082,0.00278164
cds19,17315,17734,1,0,0.00238663,0
cds20,17715,18734,0,0,0,0
cds21,18852,19907,5,9,0.00473934,0.00853081
cds22,19937,21631,1,6,0.000590319,0.00354191
cds23,21888,22553,6,3,0.00902256,0.00451128
cds24,22664,23446,2,16,0.00255754,0.0204604
cds25,23443,23946,0,1,0,0.00198807
cds26,24042,25619,4,5,0.00253646,0.00317058
cds27,25806,26330,0,0,0,0
cds28,26337,26984,0,2,0,0.00309119
cds29,27004,29643,9,54,0.00341038,0.0204623
cds30,29754,30308,0,0,0,0
cds31,30387,30914,0,0,0,0
cds32,30946,31464,0,0,0,0
cds33,31427,32323,3,2,0.00334821,0.00223214
cds34,32220,33416,0,0,0,0
cds35,33434,35023,1,1,0.000629327,0.000629327
cds36,35031,35288,0,0,0,0
cds37,35285,36427,4,3,0.00350263,0.00262697
cds38,36670,37386,1,1,0.00139665,0.00139665
cds39,37428,38645,0,3,0,0.00246508
cds40,39182,39520,1,0,0.00295858,0
cds41,39519,40673,1,1,0.000866551,0.000866551
cds42,40688,41059,1,1,0.00269542,0.00269542
cds43,41123,42310,2,6,0.00168492,0.00505476
cds44,42518,43309,2,3,0.00252845,0.00379267
cds45,43324,44322,4,1,0.00400802,0.001002
cds46,44410,44718,0,0,0,0
cds47,44648,44956,1,0,0.00324675,0
cds48,45017,45478,0,1,0,0.0021692
cds49,45547,46176,1,2,0.00158983,0.00317965
cds50,46178,46609,0,2,0,0.00464037
cds51,46591,48144,1,2,0.000643915,0.00128783
cds52,48167,48820,0,0,0,0
cds53,48857,49963,0,0,0,0
cds54,50507,50941,0,0,0,0
cds55,51007,51627,1,2,0.0016129,0.00322581
cds56,51694,52527,0,2,0,0.00240096
cds57,52587,54677,9,29,0.00430622,0.0138756
cds58,54670,55014,1,5,0.00290698,0.0145349
cds59,55043,56113,0,0,0,0
cds60,56097,56276,0,0,0,0
cds61,56273,57988,5,5,0.00291545,0.00291545
cds62,58030,59160,1,0,0.000884956,0
cds63,59135,59440,0,0,0,0
cds64,59463,60614,6,8,0.00521286,0.00695048
cds65,60685,60906,0,0,0,0
cds66,60903,61733,0,0,0,0
cds67,61632,62534,1,1,0.00110865,0.00110865
cds68,62546,63001,5,6,0.010989,0.0131868
cds69,62998,64002,0,3,0,0.00298805
cds70,64062,64490,0,1,0,0.00233645
cds71,64554,65060,0,1,0,0.00197628
cds72,65032,68718,2,0,0.000542594,0
cds73,68796,69446,0,1,0,0.00153846
cds74,69443,69922,1,0,0.00208768,0
cds75,69924,70682,1,2,0.00131926,0.00263852
cds76,70726,72105,1,3,0.000725163,0.00217549
cds77,72104,73090,0,0,0,0
cds78,73303,74679,1,8,0.000726744,0.00581395
cds79,74763,77207,3,7,0.0012275,0.00286416
cds80,77176,77766,0,0,0,0
cds81,77573,78307,0,0,0,0
cds82,78273,79271,3,3,0.00300601,0.00300601
cds83,79296,79643,0,2,0,0.00576369
cds84,79645,80748,0,0,0,0
cds85,81189,81356,3,3,0.0179641,0.0179641
cds86,81470,82228,2,3,0.00263852,0.00395778
cds87,82276,83139,0,1,0,0.00115875
cds88,83042,83842,0,0,0,0
cds89,83835,84209,0,0,0,0
cds90,84208,85374,2,2,0.00171527,0.00171527
cds91,85436,87574,1,4,0.000467727,0.00187091
cds92,87576,90695,2,5,0.000641231,0.00160308
cds93,90731,91117,0,0,0,0
cds94,91144,91401,0,0,0,0
cds95,91494,91865,0,1,0,0.00269542
cds96,91840,92340,0,1,0,0.002
cds97,92393,93889,1,1,0.000668449,0.000668449
cds98,93948,94535,1,1,0.00170358,0.00170358
cds99,94726,96849,4,10,0.00188413,0.00471032
cds100,96933,97205,0,1,0,0.00367647
cds101,97222,97800,1,2,0.0017301,0.00346021
cds102,97793,98278,1,2,0.00206186,0.00412371
cds103,98513,98890,0,1,0,0.00265252
cds104,98781,99125,0,0,0,0
cds105,99088,100098,2,0,0.0019802,0
cds106,99959,100186,0,0,0,0
cds107,100170,100373,0,0,0,0
cds108,100391,101290,1,1,0.00111235,0.00111235
cds109,101295,101708,0,0,0,0
cds110,101764,102303,1,2,0.00185529,0.00371058
cds111,102451,102804,6,9,0.0169972,0.0254958
cds112,103206,104066,1,5,0.00116279,0.00581395
cds113,104114,105307,1,3,0.000838223,0.00251467
cds114,105328,107973,1,2,0.000378072,0.000756144
cds115,108057,108236,0,1,0,0.00558659
cds116,108239,110368,6,3,0.00281822,0.00140911
cds117,110398,111597,4,2,0.00333611,0.00166806
cds118,111680,112306,1,1,0.00159744,0.00159744
cds119,112354,112905,2,2,0.00362976,0.00362976
cds120,112974,113708,0,0,0,0
cds121,113603,114004,0,0,0,0
cds122,113976,114905,2,6,0.00215285,0.00645856
cds123,114934,115272,3,14,0.00887574,0.0414201
cds124,115330,115533,0,1,0,0.00492611
cds125,115527,115769,1,1,0.00413223,0.00413223
cds126,115812,116348,1,1,0.00186567,0.00186567
cds127,116760,117161,2,3,0.00498753,0.0074813
cds128,117255,118247,0,0,0,0
cds129,118264,118731,5,3,0.0107066,0.00642398
cds130,118764,119048,0,0,0,0
cds131,118875,119051,0,0,0,0
cds132,119122,119961,1,1,0.0011919,0.0011919
cds133,119948,120265,0,0,0,0
cds134,120342,121232,2,1,0.00224719,0.0011236
cds135,121251,123191,6,5,0.00309278,0.00257732
cds136,123244,123564,1,1,0.003125,0.003125
cds137,123614,125662,3,3,0.00146484,0.00146484
cds138,125692,126336,1,3,0.0015528,0.00465839
cds139,126373,126651,0,0,0,0
cds140,126655,127506,0,0,0,0
cds141,127531,127776,0,0,0,0
cds142,127782,129164,0,0,0,0
cds143,129179,129889,2,1,0.0028169,0.00140845
cds144,129976,132492,4,6,0.00158983,0.00238474
