type,position,frequency
missense,98,0.003845
missense,1309,0.104958
missense,2212,0.008445
missense,2227,0.002946
missense,2582,0.005703
missense,6203,0.044011
missense,6973,0.290255
missense,8851,0.036323
missense,13204,0.003525
missense,13900,0.004451
missense,15363,0.244515
missense,15686,0.249964
missense,16349,0.003017
missense,17212,0.140640
missense,17719,0.004156
missense,18891,0.008375
missense,19117,0.355982
missense,19140,0.373421
missense,19481,0.171192
missense,19773,0.176121
missense,21173,0.202913
missense,22470,0.010547
missense,22479,0.341368
missense,22482,0.286866
missense,22494,0.026888
missense,22499,0.011600
missense,22499,0.022402
missense,22973,0.374311
missense,23285,0.369534
missense,24210,0.004293
missense,24987,0.190517
missense,25283,0.228609
missense,25424,0.245490
missense,27046,0.004780
missense,27878,0.079134
missense,28031,0.072049
missense,28652,0.285023
missense,28887,0.218363
missense,28907,0.217009
missense,29384,0.435971
missense,29507,0.108959
missense,29514,0.003512
missense,31534,0.004094
missense,31537,0.012725
missense,32173,0.274191
missense,33482,0.222621
missense,35467,0.458858
missense,35808,0.307102
missense,35870,0.452648
missense,36348,0.468617
missense,37383,0.003435
missense,39411,0.044461
missense,40586,0.004846
missense,40717,0.410701
missense,41878,0.481501
missense,41953,0.484333
missense,42575,0.312864
missense,42956,0.343451
missense,43743,0.003393
missense,44297,0.009024
missense,44314,0.006613
missense,44318,0.009930
missense,44737,0.002090
missense,45769,0.186036
missense,47026,0.262701
missense,50940,0.380236
missense,52575,0.006263
missense,52584,0.003547
missense,52607,0.160785
missense,52635,0.205463
missense,53503,0.425296
missense,53967,0.411667
missense,54187,0.436461
missense,54379,0.331238
missense,54448,0.335925
missense,54636,0.004107
missense,56464,0.244473
missense,56668,0.243668
missense,57435,0.244505
missense,57490,0.338716
missense,57694,0.323614
missense,57906,0.003507
missense,59452,0.002690
missense,59514,0.003750
missense,59556,0.003516
missense,59563,0.020429
missense,59926,0.365208
missense,60411,0.191402
missense,61669,0.429832
missense,62429,0.328580
missense,62439,0.003489
missense,62646,0.449252
missense,62687,0.354685
missense,62706,0.294694
missense,64985,0.227744
missense,67066,0.004185
missense,69520,0.003539
missense,70177,0.103005
missense,70634,0.002343
missense,74109,0.448188
missense,74792,0.480537
missense,75084,0.044948
missense,75104,0.044129
missense,78192,0.189776
missense,78198,0.167190
missense,78201,0.165931
missense,81076,0.151441
missense,81119,0.146783
missense,81182,0.180825
missense,81363,0.003263
missense,81874,0.409756
missense,84464,0.006381
missense,84712,0.134896
missense,85510,0.067385
missense,88368,0.470330
missense,90428,0.007464
missense,92940,0.006598
missense,94202,0.003034
missense,94852,0.019024
missense,95008,0.012475
missense,95892,0.002922
missense,96100,0.003887
missense,97606,0.086599
missense,97775,0.081789
missense,99184,0.004739
missense,99793,0.234547
missense,100711,0.003806
missense,101999,0.003054
missense,103741,0.212845
missense,104595,0.002881
missense,105780,0.005338
missense,108403,0.232266
missense,108417,0.232145
missense,108511,0.003707
missense,108529,0.171742
missense,108532,0.164589
missense,108916,0.005129
missense,110410,0.353628
missense,110611,0.466832
missense,111269,0.004488
missense,111270,0.003493
missense,112094,0.354077
missense,112291,0.477326
missense,112717,0.477472
missense,113991,0.228095
missense,114517,0.476104
missense,114787,0.002089
missense,115000,0.418181
missense,115069,0.010412
missense,115387,0.497475
missense,115682,0.233209
missense,116644,0.299534
missense,116647,0.299090
missense,118337,0.464437
missense,118348,0.484682
missense,118366,0.419500
missense,118369,0.012227
missense,118433,0.393074
missense,119531,0.471685
missense,120689,0.398583
missense,120856,0.238451
missense,121313,0.291815
missense,121796,0.127512
missense,122216,0.310041
missense,122222,0.309932
missense,122279,0.069615
missense,122981,0.144336
missense,123219,0.414429
missense,124995,0.048989
missense,125352,0.003589
missense,125397,0.001727
missense,125728,0.072168
missense,129295,0.004963
missense,129296,0.005914
missense,131949,0.003654
missense,131964,0.148816
missense,132089,0.155009
missense,132169,0.152427
